Bs46	403.143626
Bt24	418.390663
Bm99	489.945460
Cd31	392.320033
Cd16	453.473596
Cd04	433.853361
Cb16	353.833955
Cp36	438.203305
Cs56	369.144522
Dn29	407.808573
Enc3	300.524666
Efs2	124.033748
Ef01	345.673501
Ef02	311.373446
Ec03	495.506920
Ec04	402.825124
Ec05	359.290336
Em12	353.772187
Fp10	305.079981
Fm04	318.308869
Kp01	341.654729
Kp03	442.036116
Kp04	429.568930
Kp05	352.994569
Ma37	276.752448
Me99	286.955597
Nm60	371.279196
No67	430.585536
Pc01	359.836235
Ps40	337.380534
Pc64	306.657162
Ph43	274.345348
Pa01	416.569647
Pa03	351.202384
Pf13	409.859140
Pf80	435.052170
Pf15	420.223667
Pp20	422.340852
Ps45	435.166957
Rb27	371.001331
Rh64	380.493171
Sp56	291.330176
Sa51	327.959768
Sa01	390.152348
Sa02	409.254295
Sa10	390.161874
Sa34	418.040143
Sm18	435.593644
Si74	364.852542
PhiC31	310.836408
Td08	299.946132
Td01	308.913021
Vh73	353.393020
Vh19	375.730093
Vp82	390.621746
resolvase__tr|A0A0D7CET7|A0A0D7CET7_9ACTN	309.869552
resolvase__tr|A0A3N0C0A6|A0A3N0C0A6_9MICC	59.954948
resolvase__tr|A0ABN1RCZ7|A0ABN1RCZ7_9ACTN	115.307165
resolvase__tr|A0A024H213|A0A024H213_9MICC	63.091924
resolvase__tr|A0A074LFE7|A0A074LFE7_9BACL	354.216731
resolvase__tr|A0A081B832|A0A081B832_9HYPH	285.283609
resolvase__tr|A0A0A7LEJ7|A0A0A7LEJ7_9ARCH	97.666321
resolvase__tr|A0A0C3E4F0|A0A0C3E4F0_9VIBR	375.192574
resolvase__tr|A0A0E4H820|A0A0E4H820_9STRE	247.401994
resolvase__tr|A0A0F0H250|A0A0F0H250_LENAE	299.424997
resolvase__tr|A0A0J8XWZ6|A0A0J8XWZ6_9GAMM	65.610815
resolvase__tr|A0A0P9DCA8|A0A0P9DCA8_9CHLR	312.884668
resolvase__tr|A0A0R3QAW0|A0A0R3QAW0_9BILA	215.416194
resolvase__tr|A0A101UXS2|A0A101UXS2_9ACTN	286.118048
resolvase__tr|A0A117S1I1|A0A117S1I1_9ACTN	82.238551
resolvase__tr|A0A135P841|A0A135P841_9HYPH	87.483308
resolvase__tr|A0A140DYC4|A0A140DYC4_9FIRM	94.366386
resolvase__tr|A0A151ARG3|A0A151ARG3_9CLOT	355.305043
resolvase__tr|A0A158CD55|A0A158CD55_9BURK	83.965350
resolvase__tr|A0A1B7HG66|A0A1B7HG66_9ENTR	114.319224
resolvase__tr|A0A1C0ZWQ4|A0A1C0ZWQ4_9BACL	331.266696
resolvase__tr|A0A1C3N4N4|A0A1C3N4N4_9ACTN	143.463761
resolvase__tr|A0A1C3RLC9|A0A1C3RLC9_9PROT	297.595291
resolvase__tr|A0A1E1F8U3|A0A1E1F8U3_9SPHN	67.544570
resolvase__tr|A0A1E5L9B1|A0A1E5L9B1_9FIRM	254.370831
resolvase__tr|A0A1G8KQ90|A0A1G8KQ90_9BACI	47.105929
resolvase__tr|A0A1H0KV93|A0A1H0KV93_9ACTN	83.025555
resolvase__tr|A0A1H2WNM3|A0A1H2WNM3_9FLAO	288.437358
resolvase__tr|A0A1H3MUA7|A0A1H3MUA7_9BACT	33.839679
resolvase__tr|A0A1H6V0Y8|A0A1H6V0Y8_9FLAO	314.122054
resolvase__tr|A0A1H6VLR1|A0A1H6VLR1_9GAMM	122.995531
resolvase__tr|A0A1H7MLZ3|A0A1H7MLZ3_9GAMM	302.439105
resolvase__tr|A0A1H8WAU9|A0A1H8WAU9_9EURY	41.656573
resolvase__tr|A0A1H9ULK3|A0A1H9ULK3_9BACI	298.106254
resolvase__tr|A0A1H9ULZ5|A0A1H9ULZ5_9BACI	344.896764
resolvase__tr|A0A1I0A697|A0A1I0A697_9BACI	333.230210
resolvase__tr|A0A1I0CN18|A0A1I0CN18_9FIRM	285.541374
resolvase__tr|A0A1I0XHA6|A0A1I0XHA6_9FIRM	43.163950
resolvase__tr|A0A1I4G231|A0A1I4G231_9HYPH	62.214963
resolvase__tr|A0A1I5D0B9|A0A1I5D0B9_9FIRM	361.782636
resolvase__tr|A0A1I5MJX4|A0A1I5MJX4_9BACI	352.707458
resolvase__tr|A0A1I6D7X2|A0A1I6D7X2_9FIRM	308.430309
resolvase__tr|A0A1I6YYB0|A0A1I6YYB0_9ACTN	255.252944
resolvase__tr|A0A1J5N9N2|A0A1J5N9N2_9BACT	380.290637
resolvase__tr|A0A1L3SXS9|A0A1L3SXS9_9HYPH	59.076253
resolvase__tr|A0A3D8PMW2|A0A3D8PMW2_9BACI	341.614221
resolvase__tr|A0A3D9N1M2|A0A3D9N1M2_9FLAO	315.871761
resolvase__tr|A0A1M6F323|A0A1M6F323_9FIRM	303.767030
resolvase__tr|A0A1M6UBL6|A0A1M6UBL6_PARC5	91.482690
resolvase__tr|A0A1M6W4M9|A0A1M6W4M9_9CLOT	110.907147
resolvase__tr|A0A1M7G611|A0A1M7G611_9FIRM	371.853852
resolvase__tr|A0A1M7R0D7|A0A1M7R0D7_9ACTN	22.401735
resolvase__tr|A0A1M7YC66|A0A1M7YC66_9FIRM	322.122235
resolvase__tr|A0A1M7YKM3|A0A1M7YKM3_9BACT	314.013777
resolvase__tr|A0A1Q6DVA8|A0A1Q6DVA8_METT1	109.248700
resolvase__tr|A0A1Q8YBE6|A0A1Q8YBE6_9BURK	61.815780
resolvase__tr|A0A438M6K1|A0A438M6K1_9ACTN	55.769878
resolvase__tr|A0A439DYE8|A0A439DYE8_9MYCO	263.682660
resolvase__tr|A0A4D6HD14|A0A4D6HD14_9EURY	114.546826
resolvase__tr|A0A4D7CAB2|A0A4D7CAB2_9SPHN	45.284743
resolvase__tr|A0A4D7CSM8|A0A4D7CSM8_9ENTE	111.229695
resolvase__tr|A0A4P2VEF9|A0A4P2VEF9_9ARCH	83.215005
resolvase__tr|A0A4P6K2T0|A0A4P6K2T0_KTERU	304.315411
resolvase__tr|A0A1R4FQ66|A0A1R4FQ66_9MICC	285.569687
resolvase__tr|A0A1S2M7D6|A0A1S2M7D6_9BACI	292.999198
resolvase__tr|A0A1S8T7N2|A0A1S8T7N2_9CLOT	40.221099
resolvase__tr|A0A1S9ZIF3|A0A1S9ZIF3_9STRE	65.256301
resolvase__tr|A0A1T4K5P8|A0A1T4K5P8_9FUSO	100.687151
resolvase__tr|A0A1T5ECA1|A0A1T5ECA1_9FLAO	125.620862
resolvase__tr|A0A1T5JBI0|A0A1T5JBI0_9MICO	310.958655
resolvase__tr|A0A1U7NJA2|A0A1U7NJA2_9FIRM	46.751753
resolvase__tr|A0A1V0GRJ1|A0A1V0GRJ1_9RHOB	75.530053
resolvase__tr|A0A1V0RV79|A0A1V0RV79_9RHOB	65.614066
resolvase__tr|A0A1X7AGX6|A0A1X7AGX6_9GAMM	315.239596
resolvase__tr|A0A1Y6BST5|A0A1Y6BST5_9BACT	104.813415
resolvase__tr|A0A1Z2XWL4|A0A1Z2XWL4_9FIRM	385.436539
resolvase__tr|A0A223KW88|A0A223KW88_9BACI	61.497408
resolvase__tr|A0A238JK04|A0A238JK04_9RHOB	197.436069
resolvase__tr|A0A254N1V7|A0A254N1V7_9BURK	62.287865
resolvase__tr|A0A255GLB0|A0A255GLB0_9ACTN	305.178983
resolvase__tr|A0A256A374|A0A256A374_9FLAO	46.038763
resolvase__tr|A0A267MHC5|A0A267MHC5_9FIRM	389.348849
resolvase__tr|A0A285PF77|A0A285PF77_9HYPH	308.973155
resolvase__tr|A0A2A3YM84|A0A2A3YM84_9MICO	73.381998
resolvase__tr|A0A2H1JTF3|A0A2H1JTF3_9MICO	126.223103
resolvase__tr|A0A2H4UTD8|A0A2H4UTD8_9VIRU	92.928982
resolvase__tr|A0A2H4ZHX2|A0A2H4ZHX2_ACIPI	110.698848
resolvase__tr|A0A2H5BLK4|A0A2H5BLK4_9CAUD	326.992896
resolvase__tr|A0A2K9P579|A0A2K9P579_9FIRM	302.536615
resolvase__tr|A0A2K9V3S9|A0A2K9V3S9_9CAUD	293.867763
resolvase__tr|A0A2M8RFM2|A0A2M8RFM2_9BRAD	239.395354
resolvase__tr|A0A2M9C0K2|A0A2M9C0K2_9MICO	288.918982
resolvase__tr|A0A2M9G569|A0A2M9G569_9PROT	78.007603
resolvase__tr|A0A2N9JG27|A0A2N9JG27_9ACTN	106.368113
resolvase__tr|A0A2N9W059|A0A2N9W059_9HYPH	45.222417
resolvase__tr|A0A2P7NVX6|A0A2P7NVX6_9PROT	371.302389
resolvase__tr|A0A2S2DDW5|A0A2S2DDW5_9BURK	79.570885
resolvase__tr|A0A2S7IJ73|A0A2S7IJ73_9BACT	25.039716
resolvase__tr|A0A2S7WH10|A0A2S7WH10_9FLAO	298.718185
resolvase__tr|A0A2S8SP70|A0A2S8SP70_9BACT	174.122898
resolvase__tr|A0A2S9VBJ7|A0A2S9VBJ7_9ALTE	96.321225
resolvase__tr|A0A2T3FNQ8|A0A2T3FNQ8_9CLOT	75.229938
resolvase__tr|A0A2U1F6Q5|A0A2U1F6Q5_9PSEU	283.725038
resolvase__tr|A0A2U2DP30|A0A2U2DP30_9HYPH	94.353138
resolvase__tr|A0A2U3NKI4|A0A2U3NKI4_9MYCO	355.415511
resolvase__tr|A0A2V1JPB1|A0A2V1JPB1_EUBRA	313.127850
resolvase__tr|A0A2W7P981|A0A2W7P981_9BACI	46.074563
resolvase__tr|A0A315ZSH4|A0A315ZSH4_9FIRM	379.301062
resolvase__tr|A0A317PZU6|A0A317PZU6_9ENTR	47.664045
resolvase__tr|A0A326TPW2|A0A326TPW2_THEHA	48.240835
resolvase__tr|A0A328UK56|A0A328UK56_9FIRM	86.720517
resolvase__tr|A0A330HT40|A0A330HT40_9HYPH	64.527911
resolvase__tr|A0A345STB8|A0A345STB8_9ACTN	186.294536
resolvase__tr|A0A366E4A5|A0A366E4A5_9BACI	78.817378
resolvase__tr|A0A366I5D1|A0A366I5D1_9GAMM	76.332982
resolvase__tr|A0A3M8A7B7|A0A3M8A7B7_9MICO	290.576898
resolvase__tr|A0A3N0CD24|A0A3N0CD24_9ACTN	46.799961
resolvase__tr|A0A3N1KQ82|A0A3N1KQ82_9PROT	230.058783
resolvase__tr|A0A3P5XC68|A0A3P5XC68_9MICC	294.053946
resolvase__tr|A0A401ICM6|A0A401ICM6_APHSA	80.368728
resolvase__tr|A0A417Y5B1|A0A417Y5B1_9ACTN	301.058629
resolvase__tr|A0A418IF48|A0A418IF48_9STAP	83.956283
resolvase__tr|A0A426DL19|A0A426DL19_9FIRM	355.996140
resolvase__tr|A0A9X1XT07|A0A9X1XT07_9FLAO	78.068446
resolvase__tr|A0A9X2HL88|A0A9X2HL88_9SPHN	275.258912
resolvase__tr|A0A9X2KA37|A0A9X2KA37_9ACTN	200.934394
resolvase__tr|A0A9X2NWD4|A0A9X2NWD4_9BACE	76.632229
resolvase__tr|A0A9X3PVK1|A0A9X3PVK1_9ACTN	358.671700
resolvase__tr|A0A9X3WJ94|A0A9X3WJ94_9BACI	326.127597
resolvase__tr|A0A4Q2S0I1|A0A4Q2S0I1_9ACTN	61.164921
resolvase__tr|A0A4Q7KUG5|A0A4Q7KUG5_9PSEU	355.932010
resolvase__tr|A0A4Q9BGJ9|A0A4Q9BGJ9_9BACT	114.229458
resolvase__tr|A0A4R4ZZW9|A0A4R4ZZW9_9ACTN	297.957668
resolvase__tr|A0A4S1DX73|A0A4S1DX73_9FLAO	101.825694
resolvase__tr|A0A4S2HGR4|A0A4S2HGR4_9PROT	376.879160
resolvase__tr|A0A4V2G9R9|A0A4V2G9R9_9MICC	325.584404
resolvase__tr|A0A4Y9L6J1|A0A4Y9L6J1_9BRAD	166.126903
resolvase__tr|A0A4Z0P2V0|A0A4Z0P2V0_SALET	41.529853
resolvase__tr|A0A504JFC0|A0A504JFC0_9FLAO	20.201489
resolvase__tr|A0A506U1X8|A0A506U1X8_9HYPH	383.192283
resolvase__tr|A0A512BW49|A0A512BW49_9HYPH	295.895154
resolvase__tr|A0A512IIA5|A0A512IIA5_9MICC	126.218652
resolvase__tr|A0A517NXH9|A0A517NXH9_9BACT	56.140464
resolvase__tr|A0A517PT06|A0A517PT06_9PLAN	313.997500
resolvase__tr|A0A517SED1|A0A517SED1_9PLAN	308.446872
resolvase__tr|A0A521FIB2|A0A521FIB2_9BACL	328.556819
resolvase__tr|A0A542DNN0|A0A542DNN0_AMYCI	59.080767
resolvase__tr|A0A554VHG0|A0A554VHG0_9FLAO	90.250619
resolvase__tr|A0A561Q2T1|A0A561Q2T1_9BACT	284.249331
resolvase__tr|A0A561V7R3|A0A561V7R3_9PSEU	206.464630
resolvase__tr|A0A563EH88|A0A563EH88_9PSEU	304.782743
resolvase__tr|A0A563EHH4|A0A563EHH4_9PSEU	65.186290
resolvase__tr|A0A564G7V7|A0A564G7V7_9HYPH	54.004745
resolvase__tr|A0A564WKB3|A0A564WKB3_9FIRM	375.347794
resolvase__tr|A0A5A5T9H8|A0A5A5T9H8_9CHLR	56.623691
resolvase__tr|A0A5B9W5C4|A0A5B9W5C4_9BACT	25.284776
resolvase__tr|A0A5C1AFI3|A0A5C1AFI3_9BACT	305.185262
resolvase__tr|A0A5C6AXH3|A0A5C6AXH3_9PLAN	172.410416
resolvase__tr|A0A5C6BR06|A0A5C6BR06_9PLAN	194.475103
resolvase__tr|A0A5C8NRU7|A0A5C8NRU7_9BACI	323.821582
resolvase__tr|A0A5J4KMK2|A0A5J4KMK2_9CHLR	310.981315
resolvase__tr|A0A5N7MS55|A0A5N7MS55_9HYPH	376.653922
resolvase__tr|A0A5P9XPS0|A0A5P9XPS0_ACITH	327.401920
resolvase__tr|A0A5S4FGQ4|A0A5S4FGQ4_9ACTN	64.066597
resolvase__tr|A0A662ZK13|A0A662ZK13_9GAMM	54.517898
resolvase__tr|A0A6C2U822|A0A6C2U822_PONDE	197.256908
resolvase__tr|A0A6H9WV66|A0A6H9WV66_9MICO	54.964910
resolvase__tr|A0A6I1FC93|A0A6I1FC93_9BACI	302.204895
resolvase__tr|A0A6I2ULQ4|A0A6I2ULQ4_9FIRM	319.420817
resolvase__tr|A0A6J5EMQ7|A0A6J5EMQ7_9BURK	84.546678
resolvase__tr|A0A6L8TGL8|A0A6L8TGL8_9FIRM	398.515731
resolvase__tr|A0A6M8FH19|A0A6M8FH19_9GAMM	382.832059
resolvase__tr|A0A6N7IR93|A0A6N7IR93_9FIRM	39.164273
resolvase__tr|A0A6N7W148|A0A6N7W148_9FIRM	60.065263
resolvase__tr|A0A9Q3VZ53|A0A9Q3VZ53_9ACTN	38.741363
resolvase__tr|A0A9Q4AZC0|A0A9Q4AZC0_SALAG	351.061282
resolvase__tr|A0A9R1D706|A0A9R1D706_9EURY	75.129254
resolvase__tr|A0A9W4SLI9|A0A9W4SLI9_9GLOM	156.149074
resolvase__tr|A0A9W6D0C0|A0A9W6D0C0_9MICO	121.046372
resolvase__tr|A0A9W6IJL5|A0A9W6IJL5_9PROT	262.782577
resolvase__tr|A0A9W6MCY0|A0A9W6MCY0_9ACTN	45.549887
resolvase__tr|A0A9W6W7I1|A0A9W6W7I1_9ACTN	357.409806
resolvase__tr|A0A9P1JZU4|A0A9P1JZU4_9PROT	92.874244
resolvase__tr|A0A975TQQ7|A0A975TQQ7_9RHOB	36.350622
resolvase__tr|A0A975WFW4|A0A975WFW4_9RHOB	130.234309
resolvase__tr|A0A9E6R867|A0A9E6R867_9HYPH	323.913123
resolvase__tr|A0A975C080|A0A975C080_9CAUL	215.019759
resolvase__tr|A0A6N8HZB5|A0A6N8HZB5_9FIRM	377.640382
resolvase__tr|A0A6N8IM45|A0A6N8IM45_9BURK	256.850435
resolvase__tr|A0A6P1TLM5|A0A6P1TLM5_9FIRM	331.645660
resolvase__tr|A0A7C9FC47|A0A7C9FC47_9BACT	62.821087
resolvase__tr|A0A7H0GY42|A0A7H0GY42_9BACT	107.656329
resolvase__tr|A0A7H9ARI1|A0A7H9ARI1_9FLAO	316.475837
resolvase__tr|A0A7I7RXD9|A0A7I7RXD9_9MYCO	294.848140
resolvase__tr|A0AA35XB45|A0AA35XB45_GEOBA	72.392272
resolvase__tr|A0AA36UV36|A0AA36UV36_VIBAL	105.860385
resolvase__tr|A0AA37WPE2|A0AA37WPE2_9HYPH	41.154316
resolvase__tr|A0AA41Z0Z2|A0AA41Z0Z2_9HYPH	57.572626
resolvase__tr|A0AA49JYW2|A0AA49JYW2_9BACT	95.144424
resolvase__tr|A0A7K1UE30|A0A7K1UE30_9BACT	242.743628
resolvase__tr|A0A7V8NN91|A0A7V8NN91_9BACT	163.493991
resolvase__tr|A0A7V8NW15|A0A7V8NW15_9BACT	204.679546
resolvase__tr|A0A7V8V6X5|A0A7V8V6X5_9BACT	312.811655
resolvase__tr|A0A7W4VK59|A0A7W4VK59_9HYPH	319.208208
resolvase__tr|A0A7W6CFC7|A0A7W6CFC7_9SPHN	133.787565
resolvase__tr|A0A7W6PXB8|A0A7W6PXB8_9SPHN	282.841363
resolvase__tr|A0A7W7SC61|A0A7W7SC61_9ACTN	347.668622
resolvase__tr|A0A7W7ZK78|A0A7W7ZK78_9BACT	58.399569
resolvase__tr|A0A7W8BPQ9|A0A7W8BPQ9_9ACTN	49.041647
resolvase__tr|A0A7W9A4N9|A0A7W9A4N9_9CAUL	98.059481
resolvase__tr|A0A7W9HJX6|A0A7W9HJX6_9PSEU	99.461960
resolvase__tr|A0A7X0H771|A0A7X0H771_9BACT	261.043149
resolvase__tr|A0A7X0H9G9|A0A7X0H9G9_9BACT	367.565561
resolvase__tr|A0A7X1TDY2|A0A7X1TDY2_9BURK	68.894369
resolvase__tr|A0A7X3JZS5|A0A7X3JZS5_9BACL	342.861107
resolvase__tr|A0A7X3SN24|A0A7X3SN24_9HYPH	366.352291
resolvase__tr|A0A7X4LKU8|A0A7X4LKU8_9VIBR	138.164537
resolvase__tr|A0A7X8SJ35|A0A7X8SJ35_9BACT	110.681453
resolvase__tr|A0A7X8TQR3|A0A7X8TQR3_9VIBR	359.500702
resolvase__tr|A0A7Y0Q360|A0A7Y0Q360_9FIRM	328.453448
resolvase__tr|A0A7Y3S8J2|A0A7Y3S8J2_9HYPH	37.552215
resolvase__tr|A0A7Z9CSI9|A0A7Z9CSI9_RAOTE	375.070436
resolvase__tr|A0A809S8K2|A0A809S8K2_9PROT	250.270904
resolvase__tr|A0A810Q5V8|A0A810Q5V8_9FIRM	310.159136
resolvase__tr|A0A810QA62|A0A810QA62_9FIRM	87.036228
resolvase__tr|A0A829HD96|A0A829HD96_9GAMM	92.550629
resolvase__tr|A0A839HLT9|A0A839HLT9_9GAMM	101.732609
resolvase__tr|A0A839QEG9|A0A839QEG9_9MICC	32.895344
resolvase__tr|A0A839RQL3|A0A839RQL3_9ACTN	40.614164
resolvase__tr|A0A840ESQ6|A0A840ESQ6_9ACTN	224.214946
resolvase__tr|A0A840YRP3|A0A840YRP3_9SPHN	56.438583
resolvase__tr|A0A841EHF1|A0A841EHF1_9ACTN	310.166542
resolvase__tr|A0A841HYW4|A0A841HYW4_9DEIO	45.825328
resolvase__tr|A0A845HXN8|A0A845HXN8_9BURK	241.814446
resolvase__tr|A0A852VIZ4|A0A852VIZ4_9BACT	73.149095
resolvase__tr|A0A8B2NG77|A0A8B2NG77_9HYPH	88.141016
resolvase__tr|A0A8D5FJR5|A0A8D5FJR5_9BACT	91.340623
resolvase__tr|A0A8I0DR17|A0A8I0DR17_9FIRM	328.910829
resolvase__tr|A0A8J3AZA1|A0A8J3AZA1_9ACTN	373.666753
resolvase__tr|A0A8J3HD98|A0A8J3HD98_9RHOB	43.819948
resolvase__tr|A0A8J3I7I2|A0A8J3I7I2_9CHLR	281.632313
resolvase__tr|A0A8J3IH44|A0A8J3IH44_9CHLR	318.519618
resolvase__tr|A0A8J3UQF3|A0A8J3UQF3_9ACTN	54.325733
resolvase__tr|A0A8J3VJK8|A0A8J3VJK8_9ACTN	230.072981
resolvase__tr|A0A8J6IZ20|A0A8J6IZ20_9FIRM	165.239969
resolvase__tr|A0A8J6TX31|A0A8J6TX31_9HYPH	27.973214
resolvase__tr|A0A8J7W0X7|A0A8J7W0X7_9FIRM	295.236292
resolvase__tr|A0A8J7W3P0|A0A8J7W3P0_9FIRM	316.578935
resolvase__tr|A0A8T9Q4U1|A0A8T9Q4U1_9BACT	38.028985
resolvase__tr|A0A918D4F5|A0A918D4F5_9BACI	260.695232
resolvase__tr|A0A920CB17|A0A920CB17_9BACL	52.241149
resolvase__tr|A0A923M5E0|A0A923M5E0_9BURK	254.492109
resolvase__tr|A0A926EL41|A0A926EL41_9FIRM	330.318846
resolvase__tr|A0A926I4C4|A0A926I4C4_9FIRM	365.343684
resolvase__tr|A0A927CPY8|A0A927CPY8_9BACL	316.543373
resolvase__tr|A0A931CEZ1|A0A931CEZ1_9ACTN	90.038265
resolvase__tr|A0A931CRX9|A0A931CRX9_9MICC	66.547327
resolvase__tr|A0A931FI87|A0A931FI87_9ACTN	307.106295
resolvase__tr|A0A934N5R3|A0A934N5R3_9BACT	115.968140
resolvase__tr|A0A934N688|A0A934N688_9BACT	28.640888
resolvase__tr|A0A934NV44|A0A934NV44_9NOCA	20.984743
resolvase__tr|A0A934QRT7|A0A934QRT7_9PSEU	297.664385
resolvase__tr|A0A934WS51|A0A934WS51_9FIRM	221.472245
resolvase__tr|A0AAU0PYP5|A0AAU0PYP5_9CORY	48.331614
resolvase__tr|A0AAU0UPA7|A0AAU0UPA7_9FIRM	271.597862
resolvase__tr|A0AAW5NA38|A0AAW5NA38_9BACT	324.883389
resolvase__tr|A0AB35WYV1|A0AB35WYV1_9PSED	373.926851
resolvase__tr|A0AB35XZS8|A0AB35XZS8_9FIRM	53.448021
resolvase__tr|A0ABD5Q2U8|A0ABD5Q2U8_9EURY	123.527084
resolvase__tr|A0ABD5WDU0|A0ABD5WDU0_9EURY	39.978793
resolvase__tr|A0ABM8VLA4|A0ABM8VLA4_9BACL	95.253739
resolvase__tr|A0ABN1EUL3|A0ABN1EUL3_9PROT	294.625877
resolvase__tr|A0ABN1T6S4|A0ABN1T6S4_9ACTN	77.108494
resolvase__tr|A0ABN2Q393|A0ABN2Q393_9PSEU	353.623571
resolvase__tr|A0ABN2RW63|A0ABN2RW63_9ACTN	104.569816
resolvase__tr|A0ABN5M647|A0ABN5M647_9RHOB	35.145356
resolvase__tr|A0ABN5M6U8|A0ABN5M6U8_9RHOB	86.549401
resolvase__tr|A0ABN6XKF0|A0ABN6XKF0_9CELL	52.034324
resolvase__tr|A0ABP1WGZ1|A0ABP1WGZ1_9FIRM	367.117466
resolvase__tr|A0ABP1WM85|A0ABP1WM85_9VIBR	74.960355
resolvase__tr|A0ABP2IAH8|A0ABP2IAH8_CORAM	41.071008
resolvase__tr|A0ABP3NBD4|A0ABP3NBD4_9PSEU	111.956751
resolvase__tr|A0ABP5IRQ6|A0ABP5IRQ6_9ACTN	299.259797
resolvase__tr|A0ABP6E3D9|A0ABP6E3D9_9ACTN	293.900138
resolvase__tr|A0ABP6H2A5|A0ABP6H2A5_9ACTN	59.747994
resolvase__tr|A0ABP6SRN7|A0ABP6SRN7_9ACTN	172.993249
resolvase__tr|A0ABP6YMD2|A0ABP6YMD2_9ACTN	213.608024
resolvase__tr|A0ABP7WZV7|A0ABP7WZV7_9SPHI	287.850325
resolvase__tr|A0ABP8WAJ9|A0ABP8WAJ9_9PSEU	302.402285
resolvase__tr|A0ABP8X439|A0ABP8X439_9ACTN	295.072875
resolvase__tr|A0ABP9LZS1|A0ABP9LZS1_9FLAO	69.750499
resolvase__tr|A0ABQ1BLH3|A0ABQ1BLH3_9MYCO	35.482516
resolvase__tr|A0ABQ1BP43|A0ABQ1BP43_9MYCO	176.432854
resolvase__tr|A0ABQ1S2B5|A0ABQ1S2B5_9SPHN	375.769115
resolvase__tr|A0ABQ3INI7|A0ABQ3INI7_9GAMM	377.638293
resolvase__tr|A0ABQ3QQR7|A0ABQ3QQR7_9ACTN	295.742238
resolvase__tr|A0ABQ3SL73|A0ABQ3SL73_9ACTN	86.951746
resolvase__tr|A0ABQ3TUV5|A0ABQ3TUV5_STRHY	364.638109
resolvase__tr|A0ABQ3VMF1|A0ABQ3VMF1_9CHLR	99.988577
resolvase__tr|A0ABQ5PNS2|A0ABQ5PNS2_9PSED	467.730818
resolvase__tr|A0ABQ5SSA0|A0ABQ5SSA0_9ACTN	295.821312
resolvase__tr|A0ABQ6H0Y0|A0ABQ6H0Y0_9GAMM	97.277291
resolvase__tr|A0ABQ6UD91|A0ABQ6UD91_9ACTN	92.833000
resolvase__tr|A0ABR5V602|A0ABR5V602_9CORY	185.996635
resolvase__tr|A0ABR6CG74|A0ABR6CG74_9HYPH	162.635426
resolvase__tr|A0ABR6RJJ1|A0ABR6RJJ1_9BURK	102.316563
resolvase__tr|A0ABR7HHT4|A0ABR7HHT4_9FIRM	374.884218
resolvase__tr|A0ABR7N1K1|A0ABR7N1K1_9FIRM	239.523594
resolvase__tr|A0ABR7QFK3|A0ABR7QFK3_9FLAO	302.898601
resolvase__tr|A0ABR7SU43|A0ABR7SU43_9ACTN	160.241559
resolvase__tr|A0ABR7T1D3|A0ABR7T1D3_HELCL	313.631685
resolvase__tr|A0ABV1F7L3|A0ABV1F7L3_9BACI	83.829862
resolvase__tr|A0ABV1GH12|A0ABV1GH12_9FIRM	320.534487
resolvase__tr|A0ABY8KKB2|A0ABY8KKB2_9BACI	316.545927
resolvase__tr|A0ABY8N525|A0ABY8N525_9FLAO	309.112830
resolvase__tr|A0ABY4CGY1|A0ABY4CGY1_9BACL	322.664777
resolvase__tr|A0ABR9S2Z1|A0ABR9S2Z1_9BURK	368.681996
resolvase__tr|A0ABR9YHP2|A0ABR9YHP2_9PROT	35.779240
resolvase__tr|A0ABS3HUP2|A0ABS3HUP2_9ENTE	88.090208
resolvase__tr|A0ABS3QN70|A0ABS3QN70_9BACT	41.599178
resolvase__tr|A0ABS3RG04|A0ABS3RG04_9ACTN	27.305092
resolvase__tr|A0ABS4JDB4|A0ABS4JDB4_9BACL	167.706719
resolvase__tr|A0ABS4R104|A0ABS4R104_9HYPH	30.847469
resolvase__tr|A0ABS4TGC5|A0ABS4TGC5_9PSEU	318.154379
resolvase__tr|A0A369BA23|A0A369BA23_9FIRM	354.450246
resolvase__tr|A0ABV1LE10|A0ABV1LE10_9GAMM	97.762482
resolvase__tr|A0ABV1MN90|A0ABV1MN90_9BACI	307.543118
resolvase__tr|A0ABV2CPF4|A0ABV2CPF4_9RHOO	285.133692
resolvase__tr|A0ABV2DSM7|A0ABV2DSM7_9HYPH	118.751747
resolvase__tr|A0ABS5NI91|A0ABS5NI91_TSUPA	414.596266
resolvase__tr|A0ABS6AUA9|A0ABS6AUA9_9NOCA	63.977650
resolvase__tr|A0ABS9M9G3|A0ABS9M9G3_9FIRM	184.648609
resolvase__tr|A0ABT1ECK5|A0ABT1ECK5_9FIRM	299.734312
resolvase__tr|A0ABT1ZIB1|A0ABT1ZIB1_9MICO	331.191452
resolvase__tr|A0ABT2ANJ4|A0ABT2ANJ4_9BURK	108.742591
resolvase__tr|A0ABT2RID7|A0ABT2RID7_9FIRM	89.016758
resolvase__tr|A0ABT2SRK8|A0ABT2SRK8_9FIRM	326.232490
resolvase__tr|A0ABT2U1R0|A0ABT2U1R0_9FIRM	256.377365
resolvase__tr|A0ABT2WXD4|A0ABT2WXD4_9RHOB	220.969052
resolvase__tr|A0ABT3N5J5|A0ABT3N5J5_9BACT	97.197106
resolvase__tr|A0ABT3QHL8|A0ABT3QHL8_9PROT	42.317269
resolvase__tr|A0ABT5QW36|A0ABT5QW36_9GAMM	89.303379
resolvase__tr|A0ABT5WTW3|A0ABT5WTW3_9SPHN	240.889578
resolvase__tr|A0ABT6FE92|A0ABT6FE92_9BACT	316.864325
resolvase__tr|A0ABT6H7Z2|A0ABT6H7Z2_9BACI	117.296154
resolvase__tr|A0ABT6W2P8|A0ABT6W2P8_9ACTN	95.948303
resolvase__tr|A0ABT6WVJ2|A0ABT6WVJ2_9ACTN	64.734508
resolvase__tr|A0ABT6X1P8|A0ABT6X1P8_9ACTN	76.126557
resolvase__tr|A0ABT7GS66|A0ABT7GS66_9ACTN	34.774601
resolvase__tr|A0ABT8IMH5|A0ABT8IMH5_9BACL	14.025093
resolvase__tr|A0ABT8LXT9|A0ABT8LXT9_9GAMM	394.589330
resolvase__tr|A0ABT8SPH0|A0ABT8SPH0_9CAUL	87.239779
resolvase__tr|A0ABT8VL58|A0ABT8VL58_9BACL	368.799749
resolvase__tr|A0ABU0HC95|A0ABU0HC95_9HYPH	66.700384
resolvase__tr|A0ABU0VQZ3|A0ABU0VQZ3_9GAMM	33.893441
resolvase__tr|A0ABU1KW96|A0ABU1KW96_9BURK	52.502590
resolvase__tr|A0ABU1LZZ6|A0ABU1LZZ6_9BURK	254.143163
resolvase__tr|A0ABU1Y9L0|A0ABU1Y9L0_9FLAO	108.667859
resolvase__tr|A0ABU3SES2|A0ABU3SES2_9HYPH	233.075562
resolvase__tr|A0ABU5XZT9|A0ABU5XZT9_9MYCO	83.205978
resolvase__tr|A0ABU7YEC6|A0ABU7YEC6_9ACTN	36.602226
resolvase__tr|A0ABU8SVK9|A0ABU8SVK9_9GAMM	85.702840
resolvase__tr|A0ABU9MLY3|A0ABU9MLY3_9GAMM	200.633060
resolvase__tr|A0ABV0AU80|A0ABV0AU80_9ACTN	329.045304
resolvase__tr|A0ABV0M677|A0ABV0M677_9HYPH	63.224561
resolvase__tr|A0ABV1BQV7|A0ABV1BQV7_9FIRM	246.014048
resolvase__tr|A0ABY4WJ65|A0ABY4WJ65_9BACL	319.808441
resolvase__tr|A0A381J8M8|A0A381J8M8_9CLOT	176.154003
resolvase__tr|A0ABV3V048|A0ABV3V048_9MICC	69.199320
resolvase__tr|A0ABV3YC51|A0ABV3YC51_FUSVC	298.471575
resolvase__tr|A0ABV4GMJ7|A0ABV4GMJ7_9BRAD	44.713706
resolvase__tr|A0ABV6AVW8|A0ABV6AVW8_9DEIO	286.527519
resolvase__tr|A0ABV6KQN3|A0ABV6KQN3_9BACI	247.711194
resolvase__tr|A0ABV6S5V7|A0ABV6S5V7_9SPHN	281.011474
resolvase__tr|A0ABV8GQR0|A0ABV8GQR0_9ACTN	20.131932
resolvase__tr|A0ABV8IUT8|A0ABV8IUT8_9ACTN	357.838646
resolvase__tr|A0ABV9FZ53|A0ABV9FZ53_9ACTN	127.959107
resolvase__tr|A0ABV9WHZ9|A0ABV9WHZ9_9ACTN	45.575410
resolvase__tr|A0ABW0TTV2|A0ABW0TTV2_9BACL	146.001418
resolvase__tr|A0ABW1F3H3|A0ABW1F3H3_9ACTN	103.582819
resolvase__tr|A0ABW1KMN7|A0ABW1KMN7_9ACTN	88.044833
resolvase__tr|A0ABW1KTX7|A0ABW1KTX7_9PROT	237.504222
resolvase__tr|A0ABW2KNI0|A0ABW2KNI0_9ACTN	318.215160
resolvase__tr|A0ABW2UFR4|A0ABW2UFR4_9RHOB	46.915943
resolvase__tr|A0ABW2XJP4|A0ABW2XJP4_9ACTN	303.267984
resolvase__tr|A0ABW3T0C5|A0ABW3T0C5_9CAUL	217.503954
resolvase__tr|A0ABW4GUJ4|A0ABW4GUJ4_9ACTN	72.249713
resolvase__tr|A0ABW4JS48|A0ABW4JS48_9BACL	333.273985
resolvase__tr|A0ABW4M7H4|A0ABW4M7H4_9HYPH	44.766983
resolvase__tr|A0ABW4V306|A0ABW4V306_9MICO	334.094634
resolvase__tr|A0ABW5G4Q2|A0ABW5G4Q2_9PSEU	295.736360
resolvase__tr|A0ABW5GP34|A0ABW5GP34_9PSEU	126.833479
resolvase__tr|A0ABW5PXA3|A0ABW5PXA3_9BACI	105.381187
resolvase__tr|A0ABW5WX39|A0ABW5WX39_9STAP	325.767326
resolvase__tr|A0ABW6CP20|A0ABW6CP20_9CAUL	185.985286
resolvase__tr|A0ABW7YKQ5|A0ABW7YKQ5_9ACTN	288.005593
resolvase__tr|A0ABW7Z2Q6|A0ABW7Z2Q6_9ACTN	84.189401
resolvase__tr|A0ABW8SJI1|A0ABW8SJI1_9CLOT	79.175713
resolvase__tr|A0ABW9CL28|A0ABW9CL28_9BURK	452.283925
resolvase__tr|A0ABX0ALC6|A0ABX0ALC6_9GAMM	77.000453
tyrosine__sp|O25386|XERH_HELPY	150.944304
tyrosine__sp|P32053|INTA_ECOLI	120.673987
tyrosine__sp|A2RKP9|XERS_LACLM	140.136061
tyrosine__sp|B5YFZ8|XERC_THEYD	96.914138
tyrosine__sp|B7GQE1|XERC_BIFLS	92.367803
tyrosine__sp|C0H5A8|INT_PLAF7	179.832780
tyrosine__sp|O31087|XERC_SERMA	71.283506
tyrosine__sp|O34336|YOPP_BACSU	162.849512
tyrosine__sp|O84351|XERC_CHLTR	105.681842
tyrosine__sp|O84872|XERD_CHLTR	100.690416
tyrosine__sp|P06155|VINT_BPPH8	156.442442
tyrosine__sp|P06723|VINT_BP186	113.593177
tyrosine__sp|P06956|RECR_BPP1	136.766233
tyrosine__sp|P08320|VINT_BPP4	141.524211
tyrosine__sp|P0ADH7|FIME_ECOLI	64.607831
tyrosine__sp|P0CE19|GP7D_CHLTH	145.649360
tyrosine__sp|P20709|VINT_BPL54	143.994911
tyrosine__sp|P22877|INTR_SACER	148.586293
tyrosine__sp|P24218|INTD_ECOLI	137.513006
tyrosine__sp|P27078|VINT_BP434	124.398577
tyrosine__sp|P36932|VINT_BPP2	117.526365
tyrosine__sp|P37326|INTS_ECOLI	125.588689
tyrosine__sp|P42540|VINT_BPL2	142.802754
tyrosine__sp|P46352|XERD_BACSU	78.688106
tyrosine__sp|P62590|INT2_ECOLX	92.331602
tyrosine__sp|P71298|INTF_ECOLI	142.677674
tyrosine__sp|P75969|INTE_ECOLI	129.484151
tyrosine__sp|P76056|INTR_ECOLI	152.633385
tyrosine__sp|P76168|INTQ_ECOLI	149.262300
tyrosine__sp|P76542|INTZ_ECOLI	127.882827
tyrosine__sp|P96629|INT_BACSU	139.525083
tyrosine__sp|Q0PA27|XERH_CAMJE	148.348648
tyrosine__sp|Q2FZ30|XERC_STAA8	99.460255
tyrosine__sp|Q38067|INTG_BPPF1	111.625368
tyrosine__sp|Q38361|VINT_BPMD2	129.882122
tyrosine__sp|B2U7W2|XERC_RALPJ	73.678600
tyrosine__sp|B7IFN3|XER_THEAB	108.334961
tyrosine__sp|B9DTS3|XERDL_STRU0	107.595216
tyrosine__sp|C4ZGY6|XER_AGARV	102.005114
tyrosine__sp|O10330|VLF1_NPVOP	195.061467
tyrosine__sp|O26979|XERA_METTH	117.308947
tyrosine__sp|O35009|YOEC_BACSU	68.507850
tyrosine__sp|O50655|XERD_SELRU	117.789373
tyrosine__sp|O66403|YZ09_AQUAE	147.894583
tyrosine__sp|P0A050|TNPA_STAAM	139.982705
tyrosine__sp|P0A053|TNPB_STAAM	214.976570
tyrosine__sp|P10020|TNRI_BACTU	119.666364
tyrosine__sp|P15435|INTR_STRAM	116.866091
tyrosine__sp|P16470|RCI2_ECOLX	135.782732
tyrosine__sp|P18021|REDM_ECOLX	96.836015
tyrosine__sp|P20184|YT23_STRFR	81.874193
tyrosine__sp|P22886|TNR6_ENTFL	151.206021
tyrosine__sp|P45198|Y1424_HAEIN	108.117027
tyrosine__sp|P46495|Y1572_HAEIN	145.020960
tyrosine__sp|P55429|Y4EF_SINFN	76.230637
tyrosine__sp|P55457|Y4GA_SINFN	86.769283
tyrosine__sp|P55459|Y4GC_SINFN	69.742510
tyrosine__sp|P55634|Y4RA_SINFN	127.219883
tyrosine__sp|P55635|Y4RB_SINFN	106.014574
tyrosine__sp|P55636|Y4RC_SINFN	98.604604
tyrosine__sp|P55637|Y4RD_SINFN	91.882232
tyrosine__sp|P55638|Y4RE_SINFN	111.943820
tyrosine__sp|P55639|Y4RF_SINFN	150.754829
tyrosine__sp|P72680|XER_SYNY3	102.871693
tyrosine__sp|P9WMB3|INT2_MYCTU	106.658352
tyrosine__sp|Q7ZAM8|XERC_LEPIN	108.558688
tyrosine__sp|Q8KRZ2|XER_PSESX	223.077833
tyrosine__sp|Q8NNZ9|XERC_CORGL	85.693343
tyrosine__sp|Q8Y7K0|XERC_LISMO	88.306089
tyrosine__sp|Q980D9|XERA_SACS2	109.140235
tyrosine__sp|Q9F771|XER_PSEAI	205.087661
tyrosine__sp|A0LEB8|XERC_SYNFM	91.948361
tyrosine__sp|A0QVB4|XERC_MYCS2	65.633422
tyrosine__sp|A1AKP9|XERC_PELPD	81.749580
tyrosine__sp|A1KS31|XERC_NEIMF	84.894126
tyrosine__sp|A4W3D3|XERDL_STRS2	100.314158
tyrosine__sp|A5D2W6|XERC_PELTS	87.554482
tyrosine__sp|A8AYT9|XERDL_STRGC	98.620270
tyrosine__sp|A8F033|XERC_RICCK	101.076796
tyrosine__sp|A9B1E0|XERC_HERA2	94.167604
tyrosine__sp|B0BCM4|GP8D_CHLT2	141.295802
tyrosine__sp|B2A335|XERC_NATTJ	93.899575
tyrosine__sp|Q8PGR5|XERD_XANC3	70.817785
tyrosine__sp|Q8R890|XERCL_CALS4	146.110687
tyrosine__sp|Q8RA66|XERC_CALS4	106.327898
tyrosine__sp|Q8RAB1|XER_CALS4	102.502952
tyrosine__sp|Q8XTL6|XERC2_RALN1	110.926071
tyrosine__sp|Q93C64|XERD_LACCA	83.863900
tyrosine__sp|Q97HE5|XER_CLOAB	102.787674
tyrosine__sp|Q98FX8|XERD_RHILO	62.635872
tyrosine__sp|Q9A437|XERD_CAUVC	72.160360
tyrosine__sp|Q9CI63|P2IN_LACLA	152.088294
tyrosine__sp|Q9CPF0|XERD_PASMU	76.320457
tyrosine__sp|Q9JV76|XERD_NEIMA	85.549117
tyrosine__sp|Q9KA25|XERC_HALH5	83.916467
tyrosine__sp|Q9PQS0|XER_UREPA	117.378646
tyrosine__sp|Q03MF7|XERDL_STRTD	109.081234
tyrosine__sp|Q04A03|XERC_LACDB	93.465687
tyrosine__sp|Q0VM16|XERC_ALCBS	68.008857
tyrosine__sp|Q1D804|XERC_MYXXD	80.988105
tyrosine__sp|Q1J8B0|XERDL_STRPF	105.762349
tyrosine__sp|Q1QSU9|XERC_CHRI1	72.567554
tyrosine__sp|Q1RHT1|XERD_RICBR	100.869243
tyrosine__sp|Q2LT92|XERC_SYNAS	90.365913
tyrosine__sp|Q3JZT9|XERDL_STRA1	110.714385
tyrosine__sp|Q3SVJ8|XERC_NITWN	68.861670
tyrosine__sp|Q44217|XISC_NOSS1	219.022849
tyrosine__sp|Q47036|INTL_ECOLX	102.632369
tyrosine__sp|Q49890|XERD_MYCLE	73.398256
tyrosine__sp|Q57813|Y367_METJA	144.837139
tyrosine__sp|Q58180|Y770_METJA	119.392592
tyrosine__sp|Q5JHA3|XERA_THEKO	97.744850
tyrosine__sp|Q72SA5|XERD_LEPIC	102.876454
tyrosine__sp|Q73NE4|XERC_TREDE	109.871160
tyrosine__sp|Q7NVH1|XERC_CHRVO	72.498689
tyrosine__sp|Q7ZAP1|XERD_BIFLO	77.142889
tyrosine__sp|Q8KBZ5|XERC_CHLTE	102.062072
tyrosine__sp|Q8KET0|XERD_CHLTE	86.686266
tyrosine__sp|Q8KUV2|XER_SYNE7	103.722007
transposase__sp|O95789|ZMYM6_HUMAN	212.867061
transposase__sp|P07636|TNPA_BPMU	225.437665
transposase__sp|P11260|LORF1_MOUSE	128.736657
transposase__sp|Q46731|TN5P_ECOLX	195.937951
transposase__sp|Q47152|RAYT_ECOLI	55.435739
transposase__sp|Q53H47|SETMR_HUMAN	142.385350
transposase__sp|Q7DF83|DRA2A_DEIRA	48.305318
transposase__sp|Q7JQ07|MOS1T_DROMA	92.997149
transposase__sp|Q80UJ9|SETMR_MOUSE	109.276263
transposase__sp|Q9M2N5|DSLE_ARATH	175.535576
transposase__sp|D3YZI9|PGBD5_MOUSE	198.869128
transposase__sp|P59444|INSC_SHIFL	36.929845
transposase__sp|Q5T7N2|LITD1_HUMAN	211.981781
transposase__sp|Q6R2W3|SCND3_HUMAN	206.487358
transposase__sp|Q7M3K2|PELET_DROME	237.707763
transposase__sp|Q9H5L6|THAP9_HUMAN	248.473754
transposase__sp|P03934|TC1A_CAEEL	81.295187
transposase__sp|P12258|HOBOT_DROME	208.723914
transposase__sp|P19769|INSK_ECOLI	84.704464
transposase__sp|P34257|TC3A_CAEEL	105.264511
transposase__sp|P35878|T904_LACLA	88.705956
transposase__sp|P59696|T200_SALTY	48.194252
transposase__sp|Q0JMB2|RSLE4_ORYSJ	184.655897
transposase__sp|Q587J6|LITD1_MOUSE	212.912005
transposase__sp|Q6AZB8|HARB1_DANRE	121.678022
transposase__sp|Q79CE8|T1353_SHIFL	148.192181
transposase__sp|A0A385XJE6|INH21_ECOLI	97.533769
transposase__sp|A4Z943|ZBED5_BOVIN	176.479382
transposase__sp|A4Z945|F200C_BOVIN	183.379791
transposase__sp|A5TY79|TRA9_MYCTA	70.020336
transposase__sp|O05069|TRA_HAEIN	233.805771
transposase__sp|O05086|Y1721_HAEIN	63.702882
transposase__sp|O41107|A625_PBCV1	177.719049
transposase__sp|P03009|TRA2_ECOLX	95.441496
transposase__sp|P03835|INSG_ECOLI	175.217146
transposase__sp|P08770|TRA1_MAIZE	210.136816
transposase__sp|P0A043|T431_STAAM	89.852024
transposase__sp|P0A048|TRAC_STAAN	57.970935
transposase__sp|P0A050|TNPA_STAAM	139.982705
transposase__sp|P0A053|TNPB_STAAM	214.976570
transposase__sp|P0A135|TRA6_SHIFL	156.395889
transposase__sp|P0ADH4|INSEP_ECO11	33.966317
transposase__sp|Q05309|T1151_CLOPF	208.452173
transposase__sp|Q06126|TNPA_BORPP	128.312261
transposase__sp|Q08082|T6501_BRUO2	38.042575
transposase__sp|Q45618|TRA6_GEOSE	148.803378
transposase__sp|Q45968|TRA1_COXBU	109.010912
transposase__sp|Q47718|INSO2_ECOLI	65.588904
transposase__sp|Q48514|TRA3_LEPBO	148.545089
transposase__sp|Q50700|Y3428_MYCTU	145.464074
transposase__sp|Q51649|T408_BURM1	148.432919
transposase__sp|Q52873|TRA5_RHIME	127.196965
transposase__sp|Q53201|Y4UI_SINFN	150.565377
transposase__sp|Q54513|TRA2_STREE	189.809954
transposase__sp|Q5UPI0|YR104_MIMIV	216.040964
transposase__sp|Q5URB4|YR186_MIMIV	209.275605
transposase__sp|Q64NF0|TNPA_BACFR	192.722433
transposase__sp|Q79E92|YKGN_ECOLI	36.342758
transposase__sp|Q99335|T232_BACTB	177.579408
transposase__sp|Q9HI37|TPF20_PSEAE	92.939704
transposase__sp|O05023|Y493_HAEIN	42.624796
transposase__sp|O35003|T1214_ARCFU	142.995247
transposase__sp|O86236|Y132A_HAEIN	45.076189
transposase__sp|P14707|YM3_STRCO	121.111797
transposase__sp|P55615|Y4PF_SINFN	104.654473
transposase__sp|P55620|Y4PO_SINFN	113.770438
transposase__sp|P55626|Y4QE_SINFN	113.013974
transposase__sp|P55631|Y4QJ_SINFN	118.405637
transposase__sp|P55643|Y4RJ_SINFN	116.441829
transposase__sp|P59787|TRA6_ENTFA	147.261862
transposase__sp|Q2EEQ8|YBFQ_ECOLI	30.427164
transposase__sp|Q45620|T5377_GEOSE	155.499555
transposase__sp|Q53198|Y4UE_SINFN	137.648312
transposase__sp|Q55566|T4SA_SYNY3	146.706324
transposase__sp|Q56897|TRA8_YEREN	105.174964
transposase__sp|Q9XEC1|Y4443_ARATH	158.513778
transposase__sp|P0CF60|INSD8_ECOLI	60.690565
transposase__sp|P0CF61|INSD9_ECOLI	90.314658
transposase__sp|P0CF79|INSF1_ECOLI	73.595628
transposase__sp|P0CF90|INSI4_ECOLI	129.260436
transposase__sp|P0CF91|INSL1_ECOLI	134.799272
transposase__sp|P0CX05|TH11_HALSA	153.769245
transposase__sp|P10021|TNPA_BACTU	238.207251
transposase__sp|P11257|T341_ECOLX	59.040803
transposase__sp|P16944|ISTA_SHISO	119.246915
transposase__sp|P18416|TRA3_STAAU	180.735477
transposase__sp|P20189|TNPA_STRFR	218.832497
transposase__sp|P22886|TNR6_ENTFL	151.206021
transposase__sp|P23393|T112_STRAL	60.961310
transposase__sp|P24536|T402_BURCE	57.425831
transposase__sp|P24575|TRA6_BURM1	116.655717
transposase__sp|P24607|T801_PSESH	163.327309
transposase__sp|P28917|YDCC_ECOLI	139.274023
transposase__sp|P30192|INSZ_ECOLI	145.880776
transposase__sp|P35879|TRA_CORDP	111.404173
transposase__sp|P35880|TRA1_LACHE	142.878721
transposase__sp|P35881|TRA5_LACLA	144.352913
transposase__sp|P35883|TRA0_MYCSM	93.550396
transposase__sp|P35884|TRA2_ACIFR	94.866648
transposase__sp|P37245|TRA1_STRSL	126.470989
transposase__sp|P37247|TRA4_BACFG	109.562430
transposase__sp|P37248|TRA8_CUPMC	97.594827
transposase__sp|P39212|INSN2_ECOLI	26.031089
transposase__sp|P39213|INSN_SHIDY	32.451784
transposase__sp|P43965|Y217_HAEIN	64.435408
transposase__sp|P51565|TNP9_ECOLX	225.372917
transposase__sp|P55373|Y4BF_SINFN	159.474230
transposase__sp|P55379|Y4BL_SINFN	142.622471
transposase__sp|P55729|Y4ZB_SINFN	132.849792
transposase__sp|P60231|TRA1_MYCBO	115.718197
transposase__sp|P75680|INSO1_ECOLI	55.675325
transposase__sp|P76119|YNCI_ECOLI	90.378297
transposase__sp|P81315|Y85A_METJA	59.481645
transposase__sp|P9WKH7|TS57_MYCTU	136.660145
transposase__sp|Q00037|TNPA_ECOLI	237.477990
transposase__sp|Q00461|T701_MICDP	156.685566
transposase__sp|Q00462|T702_MICDP	92.892371
transposase__sp|Q00840|T1106_NEIMI	96.798226
transposase__sp|Q02404|T231F_BACTI	196.484992
transposase__sp|Q04222|TRA1_COMTE	249.770580
