Bs46	265.018887
Bt24	268.905015
Bm99	327.006104
Cd31	238.050845
Cd16	316.245772
Cd04	285.563599
Cb16	208.388755
Cp36	280.944404
Cs56	219.032361
Dn29	257.724983
Enc3	164.791698
Efs2	14.934450
Ef01	212.332303
Ef02	178.768584
Ec03	344.227444
Ec04	250.947706
Ec05	215.186172
Em12	216.544363
Fp10	160.078903
Fm04	183.173843
Kp01	189.311975
Kp03	291.653555
Kp04	277.691512
Kp05	204.704807
Ma37	144.496079
Me99	148.108491
Nm60	223.288405
No67	281.697831
Pc01	211.546473
Ps40	192.678427
Pc64	169.249196
Ph43	140.685642
Pa01	261.403545
Pa03	203.510564
Pf13	254.693038
Pf80	279.587096
Pf15	264.160650
Pp20	266.528120
Ps45	279.103940
Rb27	216.652809
Rh64	240.574605
Sp56	151.130435
Sa51	184.774241
Sa01	252.326581
Sa02	270.830585
Sa10	252.336107
Sa34	276.028778
Sm18	292.984336
Si74	217.459693
PhiC31	163.742531
Td08	158.525883
Td01	163.855415
Vh73	206.558899
Vh19	226.477215
Vp82	233.960787
resolvase__tr|A0A0D7CET7|A0A0D7CET7_9ACTN	165.970404
resolvase__tr|A0A3N0C0A6|A0A3N0C0A6_9MICC	28.638335
resolvase__tr|A0ABN1RCZ7|A0ABN1RCZ7_9ACTN	46.873383
resolvase__tr|A0A024H213|A0A024H213_9MICC	23.019933
resolvase__tr|A0A074LFE7|A0A074LFE7_9BACL	217.287878
resolvase__tr|A0A081B832|A0A081B832_9HYPH	147.724043
resolvase__tr|A0A0A7LEJ7|A0A0A7LEJ7_9ARCH	42.954574
resolvase__tr|A0A0C3E4F0|A0A0C3E4F0_9VIBR	223.913099
resolvase__tr|A0A0E4H820|A0A0E4H820_9STRE	128.884808
resolvase__tr|A0A0F0H250|A0A0F0H250_LENAE	155.320833
resolvase__tr|A0A0J8XWZ6|A0A0J8XWZ6_9GAMM	30.033231
resolvase__tr|A0A0P9DCA8|A0A0P9DCA8_9CHLR	162.359890
resolvase__tr|A0A0R3QAW0|A0A0R3QAW0_9BILA	110.881477
resolvase__tr|A0A101UXS2|A0A101UXS2_9ACTN	148.671799
resolvase__tr|A0A117S1I1|A0A117S1I1_9ACTN	32.637799
resolvase__tr|A0A135P841|A0A135P841_9HYPH	34.202059
resolvase__tr|A0A140DYC4|A0A140DYC4_9FIRM	33.794007
resolvase__tr|A0A151ARG3|A0A151ARG3_9CLOT	207.015281
resolvase__tr|A0A158CD55|A0A158CD55_9BURK	29.361217
resolvase__tr|A0A1B7HG66|A0A1B7HG66_9ENTR	50.159861
resolvase__tr|A0A1C0ZWQ4|A0A1C0ZWQ4_9BACL	194.636814
resolvase__tr|A0A1C3N4N4|A0A1C3N4N4_9ACTN	73.020501
resolvase__tr|A0A1C3RLC9|A0A1C3RLC9_9PROT	154.388041
resolvase__tr|A0A1E1F8U3|A0A1E1F8U3_9SPHN	20.541234
resolvase__tr|A0A1E5L9B1|A0A1E5L9B1_9FIRM	132.428083
resolvase__tr|A0A1G8KQ90|A0A1G8KQ90_9BACI	19.648230
resolvase__tr|A0A1H0KV93|A0A1H0KV93_9ACTN	34.027356
resolvase__tr|A0A1H2WNM3|A0A1H2WNM3_9FLAO	147.839686
resolvase__tr|A0A1H3MUA7|A0A1H3MUA7_9BACT	15.728885
resolvase__tr|A0A1H6V0Y8|A0A1H6V0Y8_9FLAO	167.537121
resolvase__tr|A0A1H6VLR1|A0A1H6VLR1_9GAMM	59.011621
resolvase__tr|A0A1H7MLZ3|A0A1H7MLZ3_9GAMM	162.215592
resolvase__tr|A0A1H8WAU9|A0A1H8WAU9_9EURY	18.924313
resolvase__tr|A0A1H9ULK3|A0A1H9ULK3_9BACI	159.188579
resolvase__tr|A0A1H9ULZ5|A0A1H9ULZ5_9BACI	197.802886
resolvase__tr|A0A1I0A697|A0A1I0A697_9BACI	187.701092
resolvase__tr|A0A1I0CN18|A0A1I0CN18_9FIRM	158.179602
resolvase__tr|A0A1I0XHA6|A0A1I0XHA6_9FIRM	23.431844
resolvase__tr|A0A1I4G231|A0A1I4G231_9HYPH	29.064146
resolvase__tr|A0A1I5D0B9|A0A1I5D0B9_9FIRM	213.791845
resolvase__tr|A0A1I5MJX4|A0A1I5MJX4_9BACI	214.881691
resolvase__tr|A0A1I6D7X2|A0A1I6D7X2_9FIRM	166.625824
resolvase__tr|A0A1I6YYB0|A0A1I6YYB0_9ACTN	115.633349
resolvase__tr|A0A1J5N9N2|A0A1J5N9N2_9BACT	221.835850
resolvase__tr|A0A1L3SXS9|A0A1L3SXS9_9HYPH	21.016318
resolvase__tr|A0A3D8PMW2|A0A3D8PMW2_9BACI	207.974052
resolvase__tr|A0A3D9N1M2|A0A3D9N1M2_9FLAO	166.879932
resolvase__tr|A0A1M6F323|A0A1M6F323_9FIRM	175.209373
resolvase__tr|A0A1M6UBL6|A0A1M6UBL6_PARC5	46.935967
resolvase__tr|A0A1M6W4M9|A0A1M6W4M9_9CLOT	67.855280
resolvase__tr|A0A1M7G611|A0A1M7G611_9FIRM	218.481577
resolvase__tr|A0A1M7R0D7|A0A1M7R0D7_9ACTN	8.350084
resolvase__tr|A0A1M7YC66|A0A1M7YC66_9FIRM	180.708812
resolvase__tr|A0A1M7YKM3|A0A1M7YKM3_9BACT	162.136359
resolvase__tr|A0A1Q6DVA8|A0A1Q6DVA8_METT1	48.674313
resolvase__tr|A0A1Q8YBE6|A0A1Q8YBE6_9BURK	30.437654
resolvase__tr|A0A438M6K1|A0A438M6K1_9ACTN	21.322627
resolvase__tr|A0A439DYE8|A0A439DYE8_9MYCO	134.826032
resolvase__tr|A0A4D6HD14|A0A4D6HD14_9EURY	46.082400
resolvase__tr|A0A4D7CAB2|A0A4D7CAB2_9SPHN	20.737913
resolvase__tr|A0A4D7CSM8|A0A4D7CSM8_9ENTE	42.223911
resolvase__tr|A0A4P2VEF9|A0A4P2VEF9_9ARCH	29.016113
resolvase__tr|A0A4P6K2T0|A0A4P6K2T0_KTERU	157.819476
resolvase__tr|A0A1R4FQ66|A0A1R4FQ66_9MICC	148.702616
resolvase__tr|A0A1S2M7D6|A0A1S2M7D6_9BACI	155.534439
resolvase__tr|A0A1S8T7N2|A0A1S8T7N2_9CLOT	17.200309
resolvase__tr|A0A1S9ZIF3|A0A1S9ZIF3_9STRE	35.692648
resolvase__tr|A0A1T4K5P8|A0A1T4K5P8_9FUSO	42.437276
resolvase__tr|A0A1T5ECA1|A0A1T5ECA1_9FLAO	55.419456
resolvase__tr|A0A1T5JBI0|A0A1T5JBI0_9MICO	171.339060
resolvase__tr|A0A1U7NJA2|A0A1U7NJA2_9FIRM	21.398213
resolvase__tr|A0A1V0GRJ1|A0A1V0GRJ1_9RHOB	29.737333
resolvase__tr|A0A1V0RV79|A0A1V0RV79_9RHOB	26.734845
resolvase__tr|A0A1X7AGX6|A0A1X7AGX6_9GAMM	181.599427
resolvase__tr|A0A1Y6BST5|A0A1Y6BST5_9BACT	47.749250
resolvase__tr|A0A1Z2XWL4|A0A1Z2XWL4_9FIRM	230.868379
resolvase__tr|A0A223KW88|A0A223KW88_9BACI	26.093124
resolvase__tr|A0A238JK04|A0A238JK04_9RHOB	84.142590
resolvase__tr|A0A254N1V7|A0A254N1V7_9BURK	38.071190
resolvase__tr|A0A255GLB0|A0A255GLB0_9ACTN	165.858359
resolvase__tr|A0A256A374|A0A256A374_9FLAO	23.535412
resolvase__tr|A0A267MHC5|A0A267MHC5_9FIRM	238.667316
resolvase__tr|A0A285PF77|A0A285PF77_9HYPH	160.442648
resolvase__tr|A0A2A3YM84|A0A2A3YM84_9MICO	32.322866
resolvase__tr|A0A2H1JTF3|A0A2H1JTF3_9MICO	59.851475
resolvase__tr|A0A2H4UTD8|A0A2H4UTD8_9VIRU	34.361188
resolvase__tr|A0A2H4ZHX2|A0A2H4ZHX2_ACIPI	46.573089
resolvase__tr|A0A2H5BLK4|A0A2H5BLK4_9CAUD	190.960956
resolvase__tr|A0A2K9P579|A0A2K9P579_9FIRM	169.195417
resolvase__tr|A0A2K9V3S9|A0A2K9V3S9_9CAUD	155.369813
resolvase__tr|A0A2M8RFM2|A0A2M8RFM2_9BRAD	97.714110
resolvase__tr|A0A2M9C0K2|A0A2M9C0K2_9MICO	151.990129
resolvase__tr|A0A2M9G569|A0A2M9G569_9PROT	36.850982
resolvase__tr|A0A2N9JG27|A0A2N9JG27_9ACTN	27.598112
resolvase__tr|A0A2N9W059|A0A2N9W059_9HYPH	12.918918
resolvase__tr|A0A2P7NVX6|A0A2P7NVX6_9PROT	220.620856
resolvase__tr|A0A2S2DDW5|A0A2S2DDW5_9BURK	48.178899
resolvase__tr|A0A2S7IJ73|A0A2S7IJ73_9BACT	9.792180
resolvase__tr|A0A2S7WH10|A0A2S7WH10_9FLAO	162.266388
resolvase__tr|A0A2S8SP70|A0A2S8SP70_9BACT	90.408968
resolvase__tr|A0A2S9VBJ7|A0A2S9VBJ7_9ALTE	37.368944
resolvase__tr|A0A2T3FNQ8|A0A2T3FNQ8_9CLOT	33.971900
resolvase__tr|A0A2U1F6Q5|A0A2U1F6Q5_9PSEU	151.134357
resolvase__tr|A0A2U2DP30|A0A2U2DP30_9HYPH	35.455793
resolvase__tr|A0A2U3NKI4|A0A2U3NKI4_9MYCO	219.981514
resolvase__tr|A0A2V1JPB1|A0A2V1JPB1_EUBRA	172.013399
resolvase__tr|A0A2W7P981|A0A2W7P981_9BACI	18.270232
resolvase__tr|A0A315ZSH4|A0A315ZSH4_9FIRM	225.629816
resolvase__tr|A0A317PZU6|A0A317PZU6_9ENTR	20.463725
resolvase__tr|A0A326TPW2|A0A326TPW2_THEHA	16.549878
resolvase__tr|A0A328UK56|A0A328UK56_9FIRM	30.214942
resolvase__tr|A0A330HT40|A0A330HT40_9HYPH	20.324709
resolvase__tr|A0A345STB8|A0A345STB8_9ACTN	81.451903
resolvase__tr|A0A366E4A5|A0A366E4A5_9BACI	41.696341
resolvase__tr|A0A366I5D1|A0A366I5D1_9GAMM	40.606880
resolvase__tr|A0A3M8A7B7|A0A3M8A7B7_9MICO	158.476553
resolvase__tr|A0A3N0CD24|A0A3N0CD24_9ACTN	22.248245
resolvase__tr|A0A3N1KQ82|A0A3N1KQ82_9PROT	91.401309
resolvase__tr|A0A3P5XC68|A0A3P5XC68_9MICC	159.412893
resolvase__tr|A0A401ICM6|A0A401ICM6_APHSA	23.927924
resolvase__tr|A0A417Y5B1|A0A417Y5B1_9ACTN	164.428747
resolvase__tr|A0A418IF48|A0A418IF48_9STAP	29.346070
resolvase__tr|A0A426DL19|A0A426DL19_9FIRM	201.427981
resolvase__tr|A0A9X1XT07|A0A9X1XT07_9FLAO	34.849508
resolvase__tr|A0A9X2HL88|A0A9X2HL88_9SPHN	124.826805
resolvase__tr|A0A9X2KA37|A0A9X2KA37_9ACTN	74.601025
resolvase__tr|A0A9X2NWD4|A0A9X2NWD4_9BACE	30.206475
resolvase__tr|A0A9X3PVK1|A0A9X3PVK1_9ACTN	215.763421
resolvase__tr|A0A9X3WJ94|A0A9X3WJ94_9BACI	178.136806
resolvase__tr|A0A4Q2S0I1|A0A4Q2S0I1_9ACTN	27.584782
resolvase__tr|A0A4Q7KUG5|A0A4Q7KUG5_9PSEU	208.240190
resolvase__tr|A0A4Q9BGJ9|A0A4Q9BGJ9_9BACT	53.489683
resolvase__tr|A0A4R4ZZW9|A0A4R4ZZW9_9ACTN	158.039102
resolvase__tr|A0A4S1DX73|A0A4S1DX73_9FLAO	45.208119
resolvase__tr|A0A4S2HGR4|A0A4S2HGR4_9PROT	217.228488
resolvase__tr|A0A4V2G9R9|A0A4V2G9R9_9MICC	188.409751
resolvase__tr|A0A4Y9L6J1|A0A4Y9L6J1_9BRAD	74.037557
resolvase__tr|A0A4Z0P2V0|A0A4Z0P2V0_SALET	15.223924
resolvase__tr|A0A504JFC0|A0A504JFC0_9FLAO	7.345723
resolvase__tr|A0A506U1X8|A0A506U1X8_9HYPH	223.242640
resolvase__tr|A0A512BW49|A0A512BW49_9HYPH	146.985872
resolvase__tr|A0A512IIA5|A0A512IIA5_9MICC	55.661427
resolvase__tr|A0A517NXH9|A0A517NXH9_9BACT	22.655679
resolvase__tr|A0A517PT06|A0A517PT06_9PLAN	163.761703
resolvase__tr|A0A517SED1|A0A517SED1_9PLAN	156.638186
resolvase__tr|A0A521FIB2|A0A521FIB2_9BACL	184.452654
resolvase__tr|A0A542DNN0|A0A542DNN0_AMYCI	23.658629
resolvase__tr|A0A554VHG0|A0A554VHG0_9FLAO	41.219327
resolvase__tr|A0A561Q2T1|A0A561Q2T1_9BACT	146.970996
resolvase__tr|A0A561V7R3|A0A561V7R3_9PSEU	85.713460
resolvase__tr|A0A563EH88|A0A563EH88_9PSEU	164.266234
resolvase__tr|A0A563EHH4|A0A563EHH4_9PSEU	28.100404
resolvase__tr|A0A564G7V7|A0A564G7V7_9HYPH	19.037767
resolvase__tr|A0A564WKB3|A0A564WKB3_9FIRM	221.841637
resolvase__tr|A0A5A5T9H8|A0A5A5T9H8_9CHLR	30.015245
resolvase__tr|A0A5B9W5C4|A0A5B9W5C4_9BACT	7.346499
resolvase__tr|A0A5C1AFI3|A0A5C1AFI3_9BACT	152.410930
resolvase__tr|A0A5C6AXH3|A0A5C6AXH3_9PLAN	85.110798
resolvase__tr|A0A5C6BR06|A0A5C6BR06_9PLAN	92.547309
resolvase__tr|A0A5C8NRU7|A0A5C8NRU7_9BACI	169.552393
resolvase__tr|A0A5J4KMK2|A0A5J4KMK2_9CHLR	163.887438
resolvase__tr|A0A5N7MS55|A0A5N7MS55_9HYPH	217.232877
resolvase__tr|A0A5P9XPS0|A0A5P9XPS0_ACITH	176.624008
resolvase__tr|A0A5S4FGQ4|A0A5S4FGQ4_9ACTN	22.838793
resolvase__tr|A0A662ZK13|A0A662ZK13_9GAMM	25.585648
resolvase__tr|A0A6C2U822|A0A6C2U822_PONDE	107.864491
resolvase__tr|A0A6H9WV66|A0A6H9WV66_9MICO	24.768809
resolvase__tr|A0A6I1FC93|A0A6I1FC93_9BACI	157.993697
resolvase__tr|A0A6I2ULQ4|A0A6I2ULQ4_9FIRM	172.027969
resolvase__tr|A0A6J5EMQ7|A0A6J5EMQ7_9BURK	38.206127
resolvase__tr|A0A6L8TGL8|A0A6L8TGL8_9FIRM	243.947571
resolvase__tr|A0A6M8FH19|A0A6M8FH19_9GAMM	231.253613
resolvase__tr|A0A6N7IR93|A0A6N7IR93_9FIRM	14.765081
resolvase__tr|A0A6N7W148|A0A6N7W148_9FIRM	27.158526
resolvase__tr|A0A9Q3VZ53|A0A9Q3VZ53_9ACTN	14.486403
resolvase__tr|A0A9Q4AZC0|A0A9Q4AZC0_SALAG	215.029343
resolvase__tr|A0A9R1D706|A0A9R1D706_9EURY	37.871002
resolvase__tr|A0A9W4SLI9|A0A9W4SLI9_9GLOM	67.132140
resolvase__tr|A0A9W6D0C0|A0A9W6D0C0_9MICO	59.564837
resolvase__tr|A0A9W6IJL5|A0A9W6IJL5_9PROT	126.152695
resolvase__tr|A0A9W6MCY0|A0A9W6MCY0_9ACTN	16.701140
resolvase__tr|A0A9W6W7I1|A0A9W6W7I1_9ACTN	209.717987
resolvase__tr|A0A9P1JZU4|A0A9P1JZU4_9PROT	42.369197
resolvase__tr|A0A975TQQ7|A0A975TQQ7_9RHOB	9.586407
resolvase__tr|A0A975WFW4|A0A975WFW4_9RHOB	56.089427
resolvase__tr|A0A9E6R867|A0A9E6R867_9HYPH	174.210187
resolvase__tr|A0A975C080|A0A975C080_9CAUL	95.516698
resolvase__tr|A0A6N8HZB5|A0A6N8HZB5_9FIRM	231.144447
resolvase__tr|A0A6N8IM45|A0A6N8IM45_9BURK	120.519524
resolvase__tr|A0A6P1TLM5|A0A6P1TLM5_9FIRM	183.654868
resolvase__tr|A0A7C9FC47|A0A7C9FC47_9BACT	26.876901
resolvase__tr|A0A7H0GY42|A0A7H0GY42_9BACT	48.876567
resolvase__tr|A0A7H9ARI1|A0A7H9ARI1_9FLAO	167.534983
resolvase__tr|A0A7I7RXD9|A0A7I7RXD9_9MYCO	157.620315
resolvase__tr|A0AA35XB45|A0AA35XB45_GEOBA	18.371115
resolvase__tr|A0AA36UV36|A0AA36UV36_VIBAL	45.359504
resolvase__tr|A0AA37WPE2|A0AA37WPE2_9HYPH	12.396776
resolvase__tr|A0AA41Z0Z2|A0AA41Z0Z2_9HYPH	24.187693
resolvase__tr|A0AA49JYW2|A0AA49JYW2_9BACT	43.649534
resolvase__tr|A0A7K1UE30|A0A7K1UE30_9BACT	128.237622
resolvase__tr|A0A7V8NN91|A0A7V8NN91_9BACT	70.214947
resolvase__tr|A0A7V8NW15|A0A7V8NW15_9BACT	100.338564
resolvase__tr|A0A7V8V6X5|A0A7V8V6X5_9BACT	160.850707
resolvase__tr|A0A7W4VK59|A0A7W4VK59_9HYPH	165.835934
resolvase__tr|A0A7W6CFC7|A0A7W6CFC7_9SPHN	77.145497
resolvase__tr|A0A7W6PXB8|A0A7W6PXB8_9SPHN	139.306677
resolvase__tr|A0A7W7SC61|A0A7W7SC61_9ACTN	202.966515
resolvase__tr|A0A7W7ZK78|A0A7W7ZK78_9BACT	18.656569
resolvase__tr|A0A7W8BPQ9|A0A7W8BPQ9_9ACTN	16.874240
resolvase__tr|A0A7W9A4N9|A0A7W9A4N9_9CAUL	38.158424
resolvase__tr|A0A7W9HJX6|A0A7W9HJX6_9PSEU	37.779266
resolvase__tr|A0A7X0H771|A0A7X0H771_9BACT	123.113286
resolvase__tr|A0A7X0H9G9|A0A7X0H9G9_9BACT	211.801516
resolvase__tr|A0A7X1TDY2|A0A7X1TDY2_9BURK	31.816310
resolvase__tr|A0A7X3JZS5|A0A7X3JZS5_9BACL	206.829168
resolvase__tr|A0A7X3SN24|A0A7X3SN24_9HYPH	212.851332
resolvase__tr|A0A7X4LKU8|A0A7X4LKU8_9VIBR	52.957718
resolvase__tr|A0A7X8SJ35|A0A7X8SJ35_9BACT	44.010854
resolvase__tr|A0A7X8TQR3|A0A7X8TQR3_9VIBR	212.705796
resolvase__tr|A0A7Y0Q360|A0A7Y0Q360_9FIRM	184.050313
resolvase__tr|A0A7Y3S8J2|A0A7Y3S8J2_9HYPH	15.886927
resolvase__tr|A0A7Z9CSI9|A0A7Z9CSI9_RAOTE	216.914620
resolvase__tr|A0A809S8K2|A0A809S8K2_9PROT	127.094730
resolvase__tr|A0A810Q5V8|A0A810Q5V8_9FIRM	177.714852
resolvase__tr|A0A810QA62|A0A810QA62_9FIRM	42.626892
resolvase__tr|A0A829HD96|A0A829HD96_9GAMM	46.285669
resolvase__tr|A0A839HLT9|A0A839HLT9_9GAMM	41.938350
resolvase__tr|A0A839QEG9|A0A839QEG9_9MICC	10.430357
resolvase__tr|A0A839RQL3|A0A839RQL3_9ACTN	14.005719
resolvase__tr|A0A840ESQ6|A0A840ESQ6_9ACTN	125.279839
resolvase__tr|A0A840YRP3|A0A840YRP3_9SPHN	14.156984
resolvase__tr|A0A841EHF1|A0A841EHF1_9ACTN	168.058984
resolvase__tr|A0A841HYW4|A0A841HYW4_9DEIO	16.655436
resolvase__tr|A0A845HXN8|A0A845HXN8_9BURK	102.126697
resolvase__tr|A0A852VIZ4|A0A852VIZ4_9BACT	29.374768
resolvase__tr|A0A8B2NG77|A0A8B2NG77_9HYPH	30.336381
resolvase__tr|A0A8D5FJR5|A0A8D5FJR5_9BACT	40.515503
resolvase__tr|A0A8I0DR17|A0A8I0DR17_9FIRM	179.425181
resolvase__tr|A0A8J3AZA1|A0A8J3AZA1_9ACTN	228.366703
resolvase__tr|A0A8J3HD98|A0A8J3HD98_9RHOB	18.978475
resolvase__tr|A0A8J3I7I2|A0A8J3I7I2_9CHLR	125.876565
resolvase__tr|A0A8J3IH44|A0A8J3IH44_9CHLR	165.147344
resolvase__tr|A0A8J3UQF3|A0A8J3UQF3_9ACTN	21.580021
resolvase__tr|A0A8J3VJK8|A0A8J3VJK8_9ACTN	79.851825
resolvase__tr|A0A8J6IZ20|A0A8J6IZ20_9FIRM	53.252336
resolvase__tr|A0A8J6TX31|A0A8J6TX31_9HYPH	12.642810
resolvase__tr|A0A8J7W0X7|A0A8J7W0X7_9FIRM	155.317726
resolvase__tr|A0A8J7W3P0|A0A8J7W3P0_9FIRM	167.691230
resolvase__tr|A0A8T9Q4U1|A0A8T9Q4U1_9BACT	10.899578
resolvase__tr|A0A918D4F5|A0A918D4F5_9BACI	142.003628
resolvase__tr|A0A920CB17|A0A920CB17_9BACL	25.826614
resolvase__tr|A0A923M5E0|A0A923M5E0_9BURK	115.173612
resolvase__tr|A0A926EL41|A0A926EL41_9FIRM	182.328055
resolvase__tr|A0A926I4C4|A0A926I4C4_9FIRM	217.053921
resolvase__tr|A0A927CPY8|A0A927CPY8_9BACL	168.851553
resolvase__tr|A0A931CEZ1|A0A931CEZ1_9ACTN	33.635300
resolvase__tr|A0A931CRX9|A0A931CRX9_9MICC	26.260987
resolvase__tr|A0A931FI87|A0A931FI87_9ACTN	163.819041
resolvase__tr|A0A934N5R3|A0A934N5R3_9BACT	51.863883
resolvase__tr|A0A934N688|A0A934N688_9BACT	6.249228
resolvase__tr|A0A934NV44|A0A934NV44_9NOCA	4.976730
resolvase__tr|A0A934QRT7|A0A934QRT7_9PSEU	162.898462
resolvase__tr|A0A934WS51|A0A934WS51_9FIRM	119.535631
resolvase__tr|A0AAU0PYP5|A0AAU0PYP5_9CORY	12.176314
resolvase__tr|A0AAU0UPA7|A0AAU0UPA7_9FIRM	143.204091
resolvase__tr|A0AAW5NA38|A0AAW5NA38_9BACT	178.512095
resolvase__tr|A0AB35WYV1|A0AB35WYV1_9PSED	224.142232
resolvase__tr|A0AB35XZS8|A0AB35XZS8_9FIRM	33.117973
resolvase__tr|A0ABD5Q2U8|A0ABD5Q2U8_9EURY	54.389980
resolvase__tr|A0ABD5WDU0|A0ABD5WDU0_9EURY	15.762118
resolvase__tr|A0ABM8VLA4|A0ABM8VLA4_9BACL	36.463600
resolvase__tr|A0ABN1EUL3|A0ABN1EUL3_9PROT	139.893196
resolvase__tr|A0ABN1T6S4|A0ABN1T6S4_9ACTN	29.321341
resolvase__tr|A0ABN2Q393|A0ABN2Q393_9PSEU	209.058424
resolvase__tr|A0ABN2RW63|A0ABN2RW63_9ACTN	40.261268
resolvase__tr|A0ABN5M647|A0ABN5M647_9RHOB	10.640799
resolvase__tr|A0ABN5M6U8|A0ABN5M6U8_9RHOB	36.394042
resolvase__tr|A0ABN6XKF0|A0ABN6XKF0_9CELL	21.838223
resolvase__tr|A0ABP1WGZ1|A0ABP1WGZ1_9FIRM	214.044163
resolvase__tr|A0ABP1WM85|A0ABP1WM85_9VIBR	28.320833
resolvase__tr|A0ABP2IAH8|A0ABP2IAH8_CORAM	13.123172
resolvase__tr|A0ABP3NBD4|A0ABP3NBD4_9PSEU	57.622427
resolvase__tr|A0ABP5IRQ6|A0ABP5IRQ6_9ACTN	159.341231
resolvase__tr|A0ABP6E3D9|A0ABP6E3D9_9ACTN	155.543505
resolvase__tr|A0ABP6H2A5|A0ABP6H2A5_9ACTN	22.974524
resolvase__tr|A0ABP6SRN7|A0ABP6SRN7_9ACTN	66.380795
resolvase__tr|A0ABP6YMD2|A0ABP6YMD2_9ACTN	94.746031
resolvase__tr|A0ABP7WZV7|A0ABP7WZV7_9SPHI	151.470526
resolvase__tr|A0ABP8WAJ9|A0ABP8WAJ9_9PSEU	165.174460
resolvase__tr|A0ABP8X439|A0ABP8X439_9ACTN	154.498300
resolvase__tr|A0ABP9LZS1|A0ABP9LZS1_9FLAO	32.844007
resolvase__tr|A0ABQ1BLH3|A0ABQ1BLH3_9MYCO	16.802197
resolvase__tr|A0ABQ1BP43|A0ABQ1BP43_9MYCO	89.563686
resolvase__tr|A0ABQ1S2B5|A0ABQ1S2B5_9SPHN	215.819472
resolvase__tr|A0ABQ3INI7|A0ABQ3INI7_9GAMM	226.657788
resolvase__tr|A0ABQ3QQR7|A0ABQ3QQR7_9ACTN	154.328815
resolvase__tr|A0ABQ3SL73|A0ABQ3SL73_9ACTN	37.023540
resolvase__tr|A0ABQ3TUV5|A0ABQ3TUV5_STRHY	217.544232
resolvase__tr|A0ABQ3VMF1|A0ABQ3VMF1_9CHLR	14.492750
resolvase__tr|A0ABQ5PNS2|A0ABQ5PNS2_9PSED	312.863687
resolvase__tr|A0ABQ5SSA0|A0ABQ5SSA0_9ACTN	157.878379
resolvase__tr|A0ABQ6H0Y0|A0ABQ6H0Y0_9GAMM	42.041846
resolvase__tr|A0ABQ6UD91|A0ABQ6UD91_9ACTN	41.772780
resolvase__tr|A0ABR5V602|A0ABR5V602_9CORY	88.531993
resolvase__tr|A0ABR6CG74|A0ABR6CG74_9HYPH	80.153523
resolvase__tr|A0ABR6RJJ1|A0ABR6RJJ1_9BURK	43.508108
resolvase__tr|A0ABR7HHT4|A0ABR7HHT4_9FIRM	236.161537
resolvase__tr|A0ABR7N1K1|A0ABR7N1K1_9FIRM	127.456677
resolvase__tr|A0ABR7QFK3|A0ABR7QFK3_9FLAO	168.361518
resolvase__tr|A0ABR7SU43|A0ABR7SU43_9ACTN	66.228172
resolvase__tr|A0ABR7T1D3|A0ABR7T1D3_HELCL	174.012090
resolvase__tr|A0ABV1F7L3|A0ABV1F7L3_9BACI	28.819144
resolvase__tr|A0ABV1GH12|A0ABV1GH12_9FIRM	171.347811
resolvase__tr|A0ABY8KKB2|A0ABY8KKB2_9BACI	172.740734
resolvase__tr|A0ABY8N525|A0ABY8N525_9FLAO	165.151198
resolvase__tr|A0ABY4CGY1|A0ABY4CGY1_9BACL	175.942143
resolvase__tr|A0ABR9S2Z1|A0ABR9S2Z1_9BURK	217.041132
resolvase__tr|A0ABR9YHP2|A0ABR9YHP2_9PROT	14.253307
resolvase__tr|A0ABS3HUP2|A0ABS3HUP2_9ENTE	32.911206
resolvase__tr|A0ABS3QN70|A0ABS3QN70_9BACT	13.892630
resolvase__tr|A0ABS3RG04|A0ABS3RG04_9ACTN	13.112020
resolvase__tr|A0ABS4JDB4|A0ABS4JDB4_9BACL	89.115812
resolvase__tr|A0ABS4R104|A0ABS4R104_9HYPH	9.421174
resolvase__tr|A0ABS4TGC5|A0ABS4TGC5_9PSEU	177.039928
resolvase__tr|A0A369BA23|A0A369BA23_9FIRM	200.779000
resolvase__tr|A0ABV1LE10|A0ABV1LE10_9GAMM	43.050735
resolvase__tr|A0ABV1MN90|A0ABV1MN90_9BACI	164.933811
resolvase__tr|A0ABV2CPF4|A0ABV2CPF4_9RHOO	135.800542
resolvase__tr|A0ABV2DSM7|A0ABV2DSM7_9HYPH	50.060938
resolvase__tr|A0ABS5NI91|A0ABS5NI91_TSUPA	267.203417
resolvase__tr|A0ABS6AUA9|A0ABS6AUA9_9NOCA	18.858727
resolvase__tr|A0ABS9M9G3|A0ABS9M9G3_9FIRM	78.597389
resolvase__tr|A0ABT1ECK5|A0ABT1ECK5_9FIRM	159.815746
resolvase__tr|A0ABT1ZIB1|A0ABT1ZIB1_9MICO	188.881115
resolvase__tr|A0ABT2ANJ4|A0ABT2ANJ4_9BURK	43.727059
resolvase__tr|A0ABT2RID7|A0ABT2RID7_9FIRM	34.937399
resolvase__tr|A0ABT2SRK8|A0ABT2SRK8_9FIRM	180.932441
resolvase__tr|A0ABT2U1R0|A0ABT2U1R0_9FIRM	153.070170
resolvase__tr|A0ABT2WXD4|A0ABT2WXD4_9RHOB	86.735320
resolvase__tr|A0ABT3N5J5|A0ABT3N5J5_9BACT	37.778367
resolvase__tr|A0ABT3QHL8|A0ABT3QHL8_9PROT	18.322110
resolvase__tr|A0ABT5QW36|A0ABT5QW36_9GAMM	54.804660
resolvase__tr|A0ABT5WTW3|A0ABT5WTW3_9SPHN	117.713404
resolvase__tr|A0ABT6FE92|A0ABT6FE92_9BACT	165.584849
resolvase__tr|A0ABT6H7Z2|A0ABT6H7Z2_9BACI	67.367948
resolvase__tr|A0ABT6W2P8|A0ABT6W2P8_9ACTN	45.422154
resolvase__tr|A0ABT6WVJ2|A0ABT6WVJ2_9ACTN	34.139766
resolvase__tr|A0ABT6X1P8|A0ABT6X1P8_9ACTN	25.277965
resolvase__tr|A0ABT7GS66|A0ABT7GS66_9ACTN	12.087265
resolvase__tr|A0ABT8IMH5|A0ABT8IMH5_9BACL	4.159040
resolvase__tr|A0ABT8LXT9|A0ABT8LXT9_9GAMM	234.340716
resolvase__tr|A0ABT8SPH0|A0ABT8SPH0_9CAUL	40.301286
resolvase__tr|A0ABT8VL58|A0ABT8VL58_9BACL	215.128503
resolvase__tr|A0ABU0HC95|A0ABU0HC95_9HYPH	31.421772
resolvase__tr|A0ABU0VQZ3|A0ABU0VQZ3_9GAMM	12.332924
resolvase__tr|A0ABU1KW96|A0ABU1KW96_9BURK	17.860499
resolvase__tr|A0ABU1LZZ6|A0ABU1LZZ6_9BURK	106.644699
resolvase__tr|A0ABU1Y9L0|A0ABU1Y9L0_9FLAO	48.869178
resolvase__tr|A0ABU3SES2|A0ABU3SES2_9HYPH	93.933346
resolvase__tr|A0ABU5XZT9|A0ABU5XZT9_9MYCO	32.908706
resolvase__tr|A0ABU7YEC6|A0ABU7YEC6_9ACTN	9.571322
resolvase__tr|A0ABU8SVK9|A0ABU8SVK9_9GAMM	42.949945
resolvase__tr|A0ABU9MLY3|A0ABU9MLY3_9GAMM	117.446457
resolvase__tr|A0ABV0AU80|A0ABV0AU80_9ACTN	191.324541
resolvase__tr|A0ABV0M677|A0ABV0M677_9HYPH	32.729488
resolvase__tr|A0ABV1BQV7|A0ABV1BQV7_9FIRM	134.497755
resolvase__tr|A0ABY4WJ65|A0ABY4WJ65_9BACL	182.281646
resolvase__tr|A0A381J8M8|A0A381J8M8_9CLOT	100.215294
resolvase__tr|A0ABV3V048|A0ABV3V048_9MICC	23.731092
resolvase__tr|A0ABV3YC51|A0ABV3YC51_FUSVC	161.648453
resolvase__tr|A0ABV4GMJ7|A0ABV4GMJ7_9BRAD	19.503441
resolvase__tr|A0ABV6AVW8|A0ABV6AVW8_9DEIO	143.320268
resolvase__tr|A0ABV6KQN3|A0ABV6KQN3_9BACI	127.919616
resolvase__tr|A0ABV6S5V7|A0ABV6S5V7_9SPHN	142.359909
resolvase__tr|A0ABV8GQR0|A0ABV8GQR0_9ACTN	3.839638
resolvase__tr|A0ABV8IUT8|A0ABV8IUT8_9ACTN	210.495008
resolvase__tr|A0ABV9FZ53|A0ABV9FZ53_9ACTN	52.381973
resolvase__tr|A0ABV9WHZ9|A0ABV9WHZ9_9ACTN	19.722393
resolvase__tr|A0ABW0TTV2|A0ABW0TTV2_9BACL	75.743163
resolvase__tr|A0ABW1F3H3|A0ABW1F3H3_9ACTN	37.809050
resolvase__tr|A0ABW1KMN7|A0ABW1KMN7_9ACTN	42.302225
resolvase__tr|A0ABW1KTX7|A0ABW1KTX7_9PROT	102.803151
resolvase__tr|A0ABW2KNI0|A0ABW2KNI0_9ACTN	176.348093
resolvase__tr|A0ABW2UFR4|A0ABW2UFR4_9RHOB	25.390010
resolvase__tr|A0ABW2XJP4|A0ABW2XJP4_9ACTN	163.349418
resolvase__tr|A0ABW3T0C5|A0ABW3T0C5_9CAUL	89.993254
resolvase__tr|A0ABW4GUJ4|A0ABW4GUJ4_9ACTN	28.300932
resolvase__tr|A0ABW4JS48|A0ABW4JS48_9BACL	197.990523
resolvase__tr|A0ABW4M7H4|A0ABW4M7H4_9HYPH	23.838992
resolvase__tr|A0ABW4V306|A0ABW4V306_9MICO	193.279153
resolvase__tr|A0ABW5G4Q2|A0ABW5G4Q2_9PSEU	160.302363
resolvase__tr|A0ABW5GP34|A0ABW5GP34_9PSEU	61.567599
resolvase__tr|A0ABW5PXA3|A0ABW5PXA3_9BACI	48.956033
resolvase__tr|A0ABW5WX39|A0ABW5WX39_9STAP	188.240530
resolvase__tr|A0ABW6CP20|A0ABW6CP20_9CAUL	82.589109
resolvase__tr|A0ABW7YKQ5|A0ABW7YKQ5_9ACTN	152.268766
resolvase__tr|A0ABW7Z2Q6|A0ABW7Z2Q6_9ACTN	28.677620
resolvase__tr|A0ABW8SJI1|A0ABW8SJI1_9CLOT	40.094272
resolvase__tr|A0ABW9CL28|A0ABW9CL28_9BURK	289.942512
resolvase__tr|A0ABX0ALC6|A0ABX0ALC6_9GAMM	35.144471
tyrosine__sp|O25386|XERH_HELPY	50.833819
tyrosine__sp|P32053|INTA_ECOLI	7.787486
tyrosine__sp|A2RKP9|XERS_LACLM	40.923507
tyrosine__sp|B5YFZ8|XERC_THEYD	13.824052
tyrosine__sp|B7GQE1|XERC_BIFLS	21.382738
tyrosine__sp|C0H5A8|INT_PLAF7	49.369249
tyrosine__sp|O31087|XERC_SERMA	6.806831
tyrosine__sp|O34336|YOPP_BACSU	61.185809
tyrosine__sp|O84351|XERC_CHLTR	18.163292
tyrosine__sp|O84872|XERD_CHLTR	17.861864
tyrosine__sp|P06155|VINT_BPPH8	39.037839
tyrosine__sp|P06723|VINT_BP186	18.179629
tyrosine__sp|P06956|RECR_BPP1	36.941939
tyrosine__sp|P08320|VINT_BPP4	18.372442
tyrosine__sp|P0ADH7|FIME_ECOLI	8.967357
tyrosine__sp|P0CE19|GP7D_CHLTH	56.599255
tyrosine__sp|P20709|VINT_BPL54	47.307857
tyrosine__sp|P22877|INTR_SACER	34.505347
tyrosine__sp|P24218|INTD_ECOLI	25.962713
tyrosine__sp|P27078|VINT_BP434	28.984308
tyrosine__sp|P36932|VINT_BPP2	23.249463
tyrosine__sp|P37326|INTS_ECOLI	16.404749
tyrosine__sp|P42540|VINT_BPL2	59.524293
tyrosine__sp|P46352|XERD_BACSU	6.278304
tyrosine__sp|P62590|INT2_ECOLX	5.414800
tyrosine__sp|P71298|INTF_ECOLI	20.176950
tyrosine__sp|P75969|INTE_ECOLI	26.956894
tyrosine__sp|P76056|INTR_ECOLI	35.996360
tyrosine__sp|P76168|INTQ_ECOLI	39.709218
tyrosine__sp|P76542|INTZ_ECOLI	13.914731
tyrosine__sp|P96629|INT_BACSU	38.268675
tyrosine__sp|Q0PA27|XERH_CAMJE	52.565703
tyrosine__sp|Q2FZ30|XERC_STAA8	17.147484
tyrosine__sp|Q38067|INTG_BPPF1	15.882638
tyrosine__sp|Q38361|VINT_BPMD2	22.921592
tyrosine__sp|B2U7W2|XERC_RALPJ	7.280043
tyrosine__sp|B7IFN3|XER_THEAB	26.315619
tyrosine__sp|B9DTS3|XERDL_STRU0	34.139158
tyrosine__sp|C4ZGY6|XER_AGARV	16.823817
tyrosine__sp|O10330|VLF1_NPVOP	88.068166
tyrosine__sp|O26979|XERA_METTH	35.240633
tyrosine__sp|O35009|YOEC_BACSU	14.752644
tyrosine__sp|O50655|XERD_SELRU	21.261787
tyrosine__sp|O66403|YZ09_AQUAE	58.098331
tyrosine__sp|P0A050|TNPA_STAAM	41.282082
tyrosine__sp|P0A053|TNPB_STAAM	70.251820
tyrosine__sp|P10020|TNRI_BACTU	36.921267
tyrosine__sp|P15435|INTR_STRAM	13.283590
tyrosine__sp|P16470|RCI2_ECOLX	31.553745
tyrosine__sp|P18021|REDM_ECOLX	25.210265
tyrosine__sp|P20184|YT23_STRFR	23.841991
tyrosine__sp|P22886|TNR6_ENTFL	36.442392
tyrosine__sp|P45198|Y1424_HAEIN	21.862506
tyrosine__sp|P46495|Y1572_HAEIN	39.735046
tyrosine__sp|P55429|Y4EF_SINFN	7.660730
tyrosine__sp|P55457|Y4GA_SINFN	31.590769
tyrosine__sp|P55459|Y4GC_SINFN	13.172238
tyrosine__sp|P55634|Y4RA_SINFN	25.293369
tyrosine__sp|P55635|Y4RB_SINFN	16.109989
tyrosine__sp|P55636|Y4RC_SINFN	8.062432
tyrosine__sp|P55637|Y4RD_SINFN	10.884690
tyrosine__sp|P55638|Y4RE_SINFN	22.883338
tyrosine__sp|P55639|Y4RF_SINFN	40.143287
tyrosine__sp|P72680|XER_SYNY3	17.068571
tyrosine__sp|P9WMB3|INT2_MYCTU	9.951461
tyrosine__sp|Q7ZAM8|XERC_LEPIN	24.693461
tyrosine__sp|Q8KRZ2|XER_PSESX	85.545647
tyrosine__sp|Q8NNZ9|XERC_CORGL	11.646835
tyrosine__sp|Q8Y7K0|XERC_LISMO	11.180668
tyrosine__sp|Q980D9|XERA_SACS2	29.066780
tyrosine__sp|Q9F771|XER_PSEAI	79.163499
tyrosine__sp|A0LEB8|XERC_SYNFM	14.237379
tyrosine__sp|A0QVB4|XERC_MYCS2	3.922036
tyrosine__sp|A1AKP9|XERC_PELPD	4.806641
tyrosine__sp|A1KS31|XERC_NEIMF	13.028034
tyrosine__sp|A4W3D3|XERDL_STRS2	28.199991
tyrosine__sp|A5D2W6|XERC_PELTS	5.931763
tyrosine__sp|A8AYT9|XERDL_STRGC	27.265201
tyrosine__sp|A8F033|XERC_RICCK	18.195081
tyrosine__sp|A9B1E0|XERC_HERA2	11.593060
tyrosine__sp|B0BCM4|GP8D_CHLT2	44.918772
tyrosine__sp|B2A335|XERC_NATTJ	12.245940
tyrosine__sp|Q8PGR5|XERD_XANC3	5.692565
tyrosine__sp|Q8R890|XERCL_CALS4	37.778924
tyrosine__sp|Q8RA66|XERC_CALS4	13.593710
tyrosine__sp|Q8RAB1|XER_CALS4	18.664243
tyrosine__sp|Q8XTL6|XERC2_RALN1	12.232703
tyrosine__sp|Q93C64|XERD_LACCA	8.691689
tyrosine__sp|Q97HE5|XER_CLOAB	20.109743
tyrosine__sp|Q98FX8|XERD_RHILO	2.879134
tyrosine__sp|Q9A437|XERD_CAUVC	4.159499
tyrosine__sp|Q9CI63|P2IN_LACLA	42.739576
tyrosine__sp|Q9CPF0|XERD_PASMU	5.009759
tyrosine__sp|Q9JV76|XERD_NEIMA	8.580813
tyrosine__sp|Q9KA25|XERC_HALH5	5.821719
tyrosine__sp|Q9PQS0|XER_UREPA	43.959085
tyrosine__sp|Q03MF7|XERDL_STRTD	35.640641
tyrosine__sp|Q04A03|XERC_LACDB	12.300246
tyrosine__sp|Q0VM16|XERC_ALCBS	4.575796
tyrosine__sp|Q1D804|XERC_MYXXD	6.014209
tyrosine__sp|Q1J8B0|XERDL_STRPF	32.360831
tyrosine__sp|Q1QSU9|XERC_CHRI1	4.581743
tyrosine__sp|Q1RHT1|XERD_RICBR	19.813834
tyrosine__sp|Q2LT92|XERC_SYNAS	8.151719
tyrosine__sp|Q3JZT9|XERDL_STRA1	37.833160
tyrosine__sp|Q3SVJ8|XERC_NITWN	7.061190
tyrosine__sp|Q44217|XISC_NOSS1	76.327786
tyrosine__sp|Q47036|INTL_ECOLX	30.965194
tyrosine__sp|Q49890|XERD_MYCLE	4.662307
tyrosine__sp|Q57813|Y367_METJA	51.009516
tyrosine__sp|Q58180|Y770_METJA	55.183294
tyrosine__sp|Q5JHA3|XERA_THEKO	14.935108
tyrosine__sp|Q72SA5|XERD_LEPIC	20.260510
tyrosine__sp|Q73NE4|XERC_TREDE	25.601558
tyrosine__sp|Q7NVH1|XERC_CHRVO	4.128286
tyrosine__sp|Q7ZAP1|XERD_BIFLO	5.583686
tyrosine__sp|Q8KBZ5|XERC_CHLTE	23.469855
tyrosine__sp|Q8KET0|XERD_CHLTE	8.286282
tyrosine__sp|Q8KUV2|XER_SYNE7	16.964874
transposase__sp|O95789|ZMYM6_HUMAN	58.848990
transposase__sp|P07636|TNPA_BPMU	71.982423
transposase__sp|P11260|LORF1_MOUSE	31.097321
transposase__sp|Q46731|TN5P_ECOLX	58.393124
transposase__sp|Q47152|RAYT_ECOLI	8.317513
transposase__sp|Q53H47|SETMR_HUMAN	34.754222
transposase__sp|Q7DF83|DRA2A_DEIRA	6.700668
transposase__sp|Q7JQ07|MOS1T_DROMA	2.531851
transposase__sp|Q80UJ9|SETMR_MOUSE	27.191356
transposase__sp|Q9M2N5|DSLE_ARATH	25.404295
transposase__sp|D3YZI9|PGBD5_MOUSE	58.753590
transposase__sp|P59444|INSC_SHIFL	3.851517
transposase__sp|Q5T7N2|LITD1_HUMAN	76.895008
transposase__sp|Q6R2W3|SCND3_HUMAN	55.070171
transposase__sp|Q7M3K2|PELET_DROME	82.529868
transposase__sp|Q9H5L6|THAP9_HUMAN	93.128508
transposase__sp|P03934|TC1A_CAEEL	6.249091
transposase__sp|P12258|HOBOT_DROME	58.991736
transposase__sp|P19769|INSK_ECOLI	6.729395
transposase__sp|P34257|TC3A_CAEEL	12.131357
transposase__sp|P35878|T904_LACLA	15.434835
transposase__sp|P59696|T200_SALTY	6.352397
transposase__sp|Q0JMB2|RSLE4_ORYSJ	34.540605
transposase__sp|Q587J6|LITD1_MOUSE	78.355414
transposase__sp|Q6AZB8|HARB1_DANRE	22.056906
transposase__sp|Q79CE8|T1353_SHIFL	33.856131
transposase__sp|A0A385XJE6|INH21_ECOLI	8.553625
transposase__sp|A4Z943|ZBED5_BOVIN	40.093070
transposase__sp|A4Z945|F200C_BOVIN	33.686066
transposase__sp|A5TY79|TRA9_MYCTA	3.046538
transposase__sp|O05069|TRA_HAEIN	77.396177
transposase__sp|O05086|Y1721_HAEIN	5.676911
transposase__sp|O41107|A625_PBCV1	58.671210
transposase__sp|P03009|TRA2_ECOLX	10.199711
transposase__sp|P03835|INSG_ECOLI	47.619454
transposase__sp|P08770|TRA1_MAIZE	56.209653
transposase__sp|P0A043|T431_STAAM	23.865790
transposase__sp|P0A048|TRAC_STAAN	20.905985
transposase__sp|P0A050|TNPA_STAAM	41.282082
transposase__sp|P0A053|TNPB_STAAM	70.251820
transposase__sp|P0A135|TRA6_SHIFL	16.272975
transposase__sp|P0ADH4|INSEP_ECO11	6.891048
transposase__sp|Q05309|T1151_CLOPF	70.003206
transposase__sp|Q06126|TNPA_BORPP	16.118997
transposase__sp|Q08082|T6501_BRUO2	6.597009
transposase__sp|Q45618|TRA6_GEOSE	38.648992
transposase__sp|Q45968|TRA1_COXBU	12.740471
transposase__sp|Q47718|INSO2_ECOLI	14.313868
transposase__sp|Q48514|TRA3_LEPBO	46.266257
transposase__sp|Q50700|Y3428_MYCTU	23.697966
transposase__sp|Q51649|T408_BURM1	11.879111
transposase__sp|Q52873|TRA5_RHIME	12.709981
transposase__sp|Q53201|Y4UI_SINFN	15.699346
transposase__sp|Q54513|TRA2_STREE	52.682171
transposase__sp|Q5UPI0|YR104_MIMIV	75.238424
transposase__sp|Q5URB4|YR186_MIMIV	73.875608
transposase__sp|Q64NF0|TNPA_BACFR	46.117524
transposase__sp|Q79E92|YKGN_ECOLI	11.178500
transposase__sp|Q99335|T232_BACTB	53.846622
transposase__sp|Q9HI37|TPF20_PSEAE	11.525964
transposase__sp|O05023|Y493_HAEIN	14.224417
transposase__sp|O35003|T1214_ARCFU	49.383212
transposase__sp|O86236|Y132A_HAEIN	8.601691
transposase__sp|P14707|YM3_STRCO	10.197479
transposase__sp|P55615|Y4PF_SINFN	16.093310
transposase__sp|P55620|Y4PO_SINFN	7.096992
transposase__sp|P55626|Y4QE_SINFN	13.722104
transposase__sp|P55631|Y4QJ_SINFN	11.946051
transposase__sp|P55643|Y4RJ_SINFN	11.742955
transposase__sp|P59787|TRA6_ENTFA	31.883898
transposase__sp|Q2EEQ8|YBFQ_ECOLI	6.324250
transposase__sp|Q45620|T5377_GEOSE	45.065588
transposase__sp|Q53198|Y4UE_SINFN	38.076013
transposase__sp|Q55566|T4SA_SYNY3	52.293867
transposase__sp|Q56897|TRA8_YEREN	11.791260
transposase__sp|Q9XEC1|Y4443_ARATH	56.636887
transposase__sp|P0CF60|INSD8_ECOLI	7.175625
transposase__sp|P0CF61|INSD9_ECOLI	12.130362
transposase__sp|P0CF79|INSF1_ECOLI	6.061352
transposase__sp|P0CF90|INSI4_ECOLI	25.856636
transposase__sp|P0CF91|INSL1_ECOLI	29.130233
transposase__sp|P0CX05|TH11_HALSA	55.518359
transposase__sp|P10021|TNPA_BACTU	87.834792
transposase__sp|P11257|T341_ECOLX	3.256628
transposase__sp|P16944|ISTA_SHISO	28.384188
transposase__sp|P18416|TRA3_STAAU	45.542834
transposase__sp|P20189|TNPA_STRFR	79.224418
transposase__sp|P22886|TNR6_ENTFL	36.442392
transposase__sp|P23393|T112_STRAL	2.703005
transposase__sp|P24536|T402_BURCE	14.302864
transposase__sp|P24575|TRA6_BURM1	9.449636
transposase__sp|P24607|T801_PSESH	44.870363
transposase__sp|P28917|YDCC_ECOLI	27.672439
transposase__sp|P30192|INSZ_ECOLI	57.482909
transposase__sp|P35879|TRA_CORDP	18.765912
transposase__sp|P35880|TRA1_LACHE	33.940213
transposase__sp|P35881|TRA5_LACLA	32.122028
transposase__sp|P35883|TRA0_MYCSM	9.445999
transposase__sp|P35884|TRA2_ACIFR	12.061097
transposase__sp|P37245|TRA1_STRSL	31.820849
transposase__sp|P37247|TRA4_BACFG	16.588775
transposase__sp|P37248|TRA8_CUPMC	10.330662
transposase__sp|P39212|INSN2_ECOLI	3.744553
transposase__sp|P39213|INSN_SHIDY	4.856149
transposase__sp|P43965|Y217_HAEIN	12.830860
transposase__sp|P51565|TNP9_ECOLX	73.737920
transposase__sp|P55373|Y4BF_SINFN	33.083317
transposase__sp|P55379|Y4BL_SINFN	16.595201
transposase__sp|P55729|Y4ZB_SINFN	32.331681
transposase__sp|P60231|TRA1_MYCBO	7.164363
transposase__sp|P75680|INSO1_ECOLI	14.923669
transposase__sp|P76119|YNCI_ECOLI	18.360039
transposase__sp|P81315|Y85A_METJA	28.074000
transposase__sp|P9WKH7|TS57_MYCTU	13.832904
transposase__sp|Q00037|TNPA_ECOLI	83.899896
transposase__sp|Q00461|T701_MICDP	46.305545
transposase__sp|Q00462|T702_MICDP	13.611879
transposase__sp|Q00840|T1106_NEIMI	25.137809
transposase__sp|Q02404|T231F_BACTI	56.196358
transposase__sp|Q04222|TRA1_COMTE	99.290816
